ticker,price_date,close,status,instrument_type,isin,evidence_sources,reason
AALR3,2026-09-14,3.45,confirmed,acao_on,BRAALRACNOR6,COTAHIST:2026-09-14:COTAHIST_D14092026.ZIP,
AALR3,2026-09-18,3.6,confirmed,acao_on,BRAALRACNOR6,BVBG.028.02:2026-09-18:IN260918.zip; COTAHIST:2026-09-18:COTAHIST_D18092026.ZIP,
ABCB4,2026-09-14,25.05,confirmed,acao_pn,BRABCBACNPR4,COTAHIST:2026-09-14:COTAHIST_D14092026.ZIP,
ABCB4,2026-09-18,24.8,confirmed,acao_pn,BRABCBACNPR4,BVBG.028.02:2026-09-18:IN260918.zip; COTAHIST:2026-09-18:COTAHIST_D18092026.ZIP,
ABEV3,2026-09-14,15.87,confirmed,acao_on,BRABEVACNOR1,COTAHIST:2026-09-14:COTAHIST_D14092026.ZIP,
ABEV3,2026-09-18,15.38,confirmed,acao_on,BRABEVACNOR1,BVBG.028.02:2026-09-18:IN260918.zip; COTAHIST:2026-09-18:COTAHIST_D18092026.ZIP,
AERI3,2026-09-14,2.19,confirmed,acao_on,BRAERIACNOR4,COTAHIST:2026-09-14:COTAHIST_D14092026.ZIP,
AERI3,2026-09-18,2.26,confirmed,acao_on,BRAERIACNOR4,BVBG.028.02:2026-09-18:IN260918.zip; COTAHIST:2026-09-18:COTAHIST_D18092026.ZIP,
AGRO3,2026-09-14,18.29,confirmed,acao_on,BRAGROACNOR7,COTAHIST:2026-09-14:COTAHIST_D14092026.ZIP,
AGRO3,2026-09-18,18.08,confirmed,acao_on,BRAGROACNOR7,BVBG.028.02:2026-09-18:IN260918.zip; COTAHIST:2026-09-18:COTAHIST_D18092026.ZIP,
AGXY3,2026-09-14,0.8,confirmed,acao_on,BRAGXYACNOR4,COTAHIST:2026-09-14:COTAHIST_D14092026.ZIP,
AGXY3,2026-09-18,0.7,confirmed,acao_on,BRAGXYACNOR4,BVBG.028.02:2026-09-18:IN260918.zip; COTAHIST:2026-09-18:COTAHIST_D18092026.ZIP,
ALLD3,2026-09-14,5.06,confirmed,acao_on,BRALLDACNOR3,COTAHIST:2026-09-14:COTAHIST_D14092026.ZIP,
ALLD3,2026-09-18,5.05,confirmed,acao_on,BRALLDACNOR3,BVBG.028.02:2026-09-18:IN260918.zip; COTAHIST:2026-09-18:COTAHIST_D18092026.ZIP,
ALOS3,2026-09-14,28.44,confirmed,acao_on,BRALOSACNOR5,COTAHIST:2026-09-14:COTAHIST_D14092026.ZIP,
ALOS3,2026-09-18,28.87,confirmed,acao_on,BRALOSACNOR5,BVBG.028.02:2026-09-18:IN260918.zip; COTAHIST:2026-09-18:COTAHIST_D18092026.ZIP,
ALPA3,2026-09-14,9.9,confirmed,acao_on,BRALPAACNOR0,COTAHIST:2026-09-14:COTAHIST_D14092026.ZIP,
ALPA3,2026-09-18,9.54,confirmed,acao_on,BRALPAACNOR0,BVBG.028.02:2026-09-18:IN260918.zip; COTAHIST:2026-09-18:COTAHIST_D18092026.ZIP,
ALPA4,2026-09-14,13.02,confirmed,acao_pn,BRALPAACNPR7,COTAHIST:2026-09-14:COTAHIST_D14092026.ZIP,
ALPA4,2026-09-18,12.92,confirmed,acao_pn,BRALPAACNPR7,BVBG.028.02:2026-09-18:IN260918.zip; COTAHIST:2026-09-18:COTAHIST_D18092026.ZIP,
ALPK3,2026-09-14,4.32,confirmed,acao_on,BRALPKACNOR9,COTAHIST:2026-09-14:COTAHIST_D14092026.ZIP,
ALPK3,2026-09-18,4.35,confirmed,acao_on,BRALPKACNOR9,BVBG.028.02:2026-09-18:IN260918.zip; COTAHIST:2026-09-18:COTAHIST_D18092026.ZIP,
ALUP11,2026-09-14,33.4,confirmed,unit,BRALUPCDAM15,COTAHIST:2026-09-14:COTAHIST_D14092026.ZIP,
ALUP11,2026-09-18,32.7,confirmed,unit,BRALUPCDAM15,BVBG.028.02:2026-09-18:IN260918.zip; COTAHIST:2026-09-18:COTAHIST_D18092026.ZIP,
ALUP3,2026-09-14,11.5,confirmed,acao_on,BRALUPACNOR8,COTAHIST:2026-09-14:COTAHIST_D14092026.ZIP,
ALUP3,2026-09-18,11.37,confirmed,acao_on,BRALUPACNOR8,BVBG.028.02:2026-09-18:IN260918.zip; COTAHIST:2026-09-18:COTAHIST_D18092026.ZIP,
ALUP4,2026-09-14,10.8,confirmed,acao_pn,BRALUPACNPR5,COTAHIST:2026-09-14:COTAHIST_D14092026.ZIP,
ALUP4,2026-09-18,10.9,confirmed,acao_pn,BRALUPACNPR5,BVBG.028.02:2026-09-18:IN260918.zip; COTAHIST:2026-09-18:COTAHIST_D18092026.ZIP,
AMAR3,2026-09-14,0.87,confirmed,acao_on,BRAMARACNOR4,COTAHIST:2026-09-14:COTAHIST_D14092026.ZIP,
AMAR3,2026-09-18,0.85,confirmed,acao_on,BRAMARACNOR4,BVBG.028.02:2026-09-18:IN260918.zip; COTAHIST:2026-09-18:COTAHIST_D18092026.ZIP,
AMBP3,2026-09-14,0.14,confirmed,acao_on,BRAMBPACNOR6,COTAHIST:2026-09-14:COTAHIST_D14092026.ZIP,
AMBP3,2026-09-18,0.18,confirmed,acao_on,BRAMBPACNOR6,BVBG.028.02:2026-09-18:IN260918.zip; COTAHIST:2026-09-18:COTAHIST_D18092026.ZIP,
AMER3,2026-09-14,4.99,confirmed,acao_on,BRAMERACNOR6,COTAHIST:2026-09-14:COTAHIST_D14092026.ZIP,
AMER3,2026-09-18,4.74,confirmed,acao_on,BRAMERACNOR6,BVBG.028.02:2026-09-18:IN260918.zip; COTAHIST:2026-09-18:COTAHIST_D18092026.ZIP,
AMOB3,2026-09-14,12.05,confirmed,acao_on,BRAMOBACNOR9,COTAHIST:2026-09-14:COTAHIST_D14092026.ZIP,
AMOB3,2026-09-18,12.13,confirmed,acao_on,BRAMOBACNOR9,BVBG.028.02:2026-09-18:IN260918.zip; COTAHIST:2026-09-18:COTAHIST_D18092026.ZIP,
ANIM3,2026-09-14,2.9,confirmed,acao_on,BRANIMACNOR6,COTAHIST:2026-09-14:COTAHIST_D14092026.ZIP,
ANIM3,2026-09-18,2.87,confirmed,acao_on,BRANIMACNOR6,BVBG.028.02:2026-09-18:IN260918.zip; COTAHIST:2026-09-18:COTAHIST_D18092026.ZIP,
ARML3,2026-09-14,3.7,confirmed,acao_on,BRARMLACNOR1,COTAHIST:2026-09-14:COTAHIST_D14092026.ZIP,
ARML3,2026-09-18,4.07,confirmed,acao_on,BRARMLACNOR1,BVBG.028.02:2026-09-18:IN260918.zip; COTAHIST:2026-09-18:COTAHIST_D18092026.ZIP,
ASAI3,2026-09-14,9.63,confirmed,acao_on,BRASAIACNOR0,COTAHIST:2026-09-14:COTAHIST_D14092026.ZIP,
ASAI3,2026-09-18,10.26,confirmed,acao_on,BRASAIACNOR0,BVBG.028.02:2026-09-18:IN260918.zip; COTAHIST:2026-09-18:COTAHIST_D18092026.ZIP,
ATED3,2026-09-14,1.18,confirmed,acao_on,BRATEDACNOR1,COTAHIST:2026-09-14:COTAHIST_D14092026.ZIP,
ATED3,2026-09-18,1.1,confirmed,acao_on,BRATEDACNOR1,BVBG.028.02:2026-09-18:IN260918.zip; COTAHIST:2026-09-18:COTAHIST_D18092026.ZIP,
AUAU3,2026-09-14,4.04,confirmed,acao_on,BRAUAUACNOR1,COTAHIST:2026-09-14:COTAHIST_D14092026.ZIP,
AUAU3,2026-09-18,4.2,confirmed,acao_on,BRAUAUACNOR1,BVBG.028.02:2026-09-18:IN260918.zip; COTAHIST:2026-09-18:COTAHIST_D18092026.ZIP,
AURA33,2026-09-14,147.2,confirmed,bdr,BRAURABDR001,COTAHIST:2026-09-14:COTAHIST_D14092026.ZIP,
AURA33,2026-09-18,149.5,confirmed,bdr,BRAURABDR001,BVBG.028.02:2026-09-18:IN260918.zip; COTAHIST:2026-09-18:COTAHIST_D18092026.ZIP,
AURE3,2026-09-14,11.53,confirmed,acao_on,BRAUREACNOR9,COTAHIST:2026-09-14:COTAHIST_D14092026.ZIP,
AURE3,2026-09-18,12.35,confirmed,acao_on,BRAUREACNOR9,BVBG.028.02:2026-09-18:IN260918.zip; COTAHIST:2026-09-18:COTAHIST_D18092026.ZIP,
AXIA3,2026-09-14,55.07,confirmed,acao_on,BRAXIAACNOR0,COTAHIST:2026-09-14:COTAHIST_D14092026.ZIP,
AXIA3,2026-09-18,53.8,confirmed,acao_on,BRAXIAACNOR0,BVBG.028.02:2026-09-18:IN260918.zip; COTAHIST:2026-09-18:COTAHIST_D18092026.ZIP,
AXIA7,2026-09-14,55.05,confirmed,acao_pn,BRAXIAACNPC9,COTAHIST:2026-09-14:COTAHIST_D14092026.ZIP,
AXIA7,2026-09-18,53.8,confirmed,acao_pn,BRAXIAACNPC9,BVBG.028.02:2026-09-18:IN260918.zip; COTAHIST:2026-09-18:COTAHIST_D18092026.ZIP,
AZEV3,2026-09-14,8.25,confirmed,acao_on,BRAZEVACNOR0,COTAHIST:2026-09-14:COTAHIST_D14092026.ZIP,
AZEV3,2026-09-18,7.34,confirmed,acao_on,BRAZEVACNOR0,BVBG.028.02:2026-09-18:IN260918.zip; COTAHIST:2026-09-18:COTAHIST_D18092026.ZIP,
AZEV4,2026-09-14,1.39,confirmed,acao_pn,BRAZEVACNPR7,COTAHIST:2026-09-14:COTAHIST_D14092026.ZIP,
AZEV4,2026-09-18,1.25,confirmed,acao_pn,BRAZEVACNPR7,BVBG.028.02:2026-09-18:IN260918.zip; COTAHIST:2026-09-18:COTAHIST_D18092026.ZIP,
AZTE3,2026-09-14,1.61,confirmed,acao_on,BRAZTEACNOR4,COTAHIST:2026-09-14:COTAHIST_D14092026.ZIP,
AZTE3,2026-09-18,1.33,confirmed,acao_on,BRAZTEACNOR4,BVBG.028.02:2026-09-18:IN260918.zip; COTAHIST:2026-09-18:COTAHIST_D18092026.ZIP,
AZUL3,2026-09-14,17.3,confirmed,acao_on,BRAZULACNOR7,COTAHIST:2026-09-14:COTAHIST_D14092026.ZIP,
AZUL3,2026-09-18,15.79,confirmed,acao_on,BRAZULACNOR7,BVBG.028.02:2026-09-18:IN260918.zip; COTAHIST:2026-09-18:COTAHIST_D18092026.ZIP,
AZZA3,2026-09-14,15.77,confirmed,acao_on,BRAZZAACNOR9,COTAHIST:2026-09-14:COTAHIST_D14092026.ZIP,
AZZA3,2026-09-18,14.3,confirmed,acao_on,BRAZZAACNOR9,BVBG.028.02:2026-09-18:IN260918.zip; COTAHIST:2026-09-18:COTAHIST_D18092026.ZIP,
B3SA3,2026-09-14,17.37,confirmed,acao_on,BRB3SAACNOR6,COTAHIST:2026-09-14:COTAHIST_D14092026.ZIP,
B3SA3,2026-09-18,17.59,confirmed,acao_on,BRB3SAACNOR6,BVBG.028.02:2026-09-18:IN260918.zip; COTAHIST:2026-09-18:COTAHIST_D18092026.ZIP,
BAZA3,2026-09-14,69.04,confirmed,acao_on,BRBAZAACNOR0,COTAHIST:2026-09-14:COTAHIST_D14092026.ZIP,
BAZA3,2026-09-18,69.61,confirmed,acao_on,BRBAZAACNOR0,BVBG.028.02:2026-09-18:IN260918.zip; COTAHIST:2026-09-18:COTAHIST_D18092026.ZIP,
BBAS3,2026-09-14,22.12,confirmed,acao_on,BRBBASACNOR3,COTAHIST:2026-09-14:COTAHIST_D14092026.ZIP,
BBAS3,2026-09-18,23.2,confirmed,acao_on,BRBBASACNOR3,BVBG.028.02:2026-09-18:IN260918.zip; COTAHIST:2026-09-18:COTAHIST_D18092026.ZIP,
BBDC3,2026-09-14,16.17,confirmed,acao_on,BRBBDCACNOR1,COTAHIST:2026-09-14:COTAHIST_D14092026.ZIP,
BBDC3,2026-09-18,15.79,confirmed,acao_on,BRBBDCACNOR1,BVBG.028.02:2026-09-18:IN260918.zip; COTAHIST:2026-09-18:COTAHIST_D18092026.ZIP,
BBDC4,2026-09-14,18.33,confirmed,acao_pn,BRBBDCACNPR8,COTAHIST:2026-09-14:COTAHIST_D14092026.ZIP,
BBDC4,2026-09-18,17.99,confirmed,acao_pn,BRBBDCACNPR8,BVBG.028.02:2026-09-18:IN260918.zip; COTAHIST:2026-09-18:COTAHIST_D18092026.ZIP,
BBSE3,2026-09-14,39.77,confirmed,acao_on,BRBBSEACNOR5,COTAHIST:2026-09-14:COTAHIST_D14092026.ZIP,
BBSE3,2026-09-18,40.86,confirmed,acao_on,BRBBSEACNOR5,BVBG.028.02:2026-09-18:IN260918.zip; COTAHIST:2026-09-18:COTAHIST_D18092026.ZIP,
BEEF3,2026-09-14,4.08,confirmed,acao_on,BRBEEFACNOR6,COTAHIST:2026-09-14:COTAHIST_D14092026.ZIP,
BEEF3,2026-09-18,3.98,confirmed,acao_on,BRBEEFACNOR6,BVBG.028.02:2026-09-18:IN260918.zip; COTAHIST:2026-09-18:COTAHIST_D18092026.ZIP,
BEES3,2026-09-14,8.81,confirmed,acao_on,BRBEESACNOR9,COTAHIST:2026-09-14:COTAHIST_D14092026.ZIP,
BEES3,2026-09-18,8.93,confirmed,acao_on,BRBEESACNOR9,BVBG.028.02:2026-09-18:IN260918.zip; COTAHIST:2026-09-18:COTAHIST_D18092026.ZIP,
BEES4,2026-09-14,9.04,confirmed,acao_pn,BRBEESACNPR6,COTAHIST:2026-09-14:COTAHIST_D14092026.ZIP,
BEES4,2026-09-18,9.06,confirmed,acao_pn,BRBEESACNPR6,BVBG.028.02:2026-09-18:IN260918.zip; COTAHIST:2026-09-18:COTAHIST_D18092026.ZIP,
BHIA3,2026-09-14,0.78,confirmed,acao_on,BRBHIAACNOR1,COTAHIST:2026-09-14:COTAHIST_D14092026.ZIP,
BHIA3,2026-09-18,0.81,confirmed,acao_on,BRBHIAACNOR1,BVBG.028.02:2026-09-18:IN260918.zip; COTAHIST:2026-09-18:COTAHIST_D18092026.ZIP,
BIED3,2026-09-14,5.7,confirmed,acao_on,BRBIEDACNOR2,COTAHIST:2026-09-14:COTAHIST_D14092026.ZIP,
BIED3,2026-09-18,6.37,confirmed,acao_on,BRBIEDACNOR2,BVBG.028.02:2026-09-18:IN260918.zip; COTAHIST:2026-09-18:COTAHIST_D18092026.ZIP,
BIOM3,2026-09-14,6.53,confirmed,acao_on,BRBIOMACNOR2,COTAHIST:2026-09-14:COTAHIST_D14092026.ZIP,
BIOM3,2026-09-18,6.26,confirmed,acao_on,BRBIOMACNOR2,BVBG.028.02:2026-09-18:IN260918.zip; COTAHIST:2026-09-18:COTAHIST_D18092026.ZIP,
BLAU3,2026-09-14,10.45,confirmed,acao_on,BRBLAUACNOR8,COTAHIST:2026-09-14:COTAHIST_D14092026.ZIP,
BLAU3,2026-09-18,10.55,confirmed,acao_on,BRBLAUACNOR8,BVBG.028.02:2026-09-18:IN260918.zip; COTAHIST:2026-09-18:COTAHIST_D18092026.ZIP,
BMEB3,2026-09-14,49.53,confirmed,acao_on,BRBMEBACNOR8,COTAHIST:2026-09-14:COTAHIST_D14092026.ZIP,
BMEB3,2026-09-18,49.72,confirmed,acao_on,BRBMEBACNOR8,BVBG.028.02:2026-09-18:IN260918.zip; COTAHIST:2026-09-18:COTAHIST_D18092026.ZIP,
BMEB4,2026-09-14,58.71,confirmed,acao_pn,BRBMEBACNPR5,COTAHIST:2026-09-14:COTAHIST_D14092026.ZIP,
BMEB4,2026-09-18,60.99,confirmed,acao_pn,BRBMEBACNPR5,BVBG.028.02:2026-09-18:IN260918.zip; COTAHIST:2026-09-18:COTAHIST_D18092026.ZIP,
BMGB4,2026-09-14,6.08,confirmed,acao_pn,BRBMGBACNPR0,COTAHIST:2026-09-14:COTAHIST_D14092026.ZIP,
BMGB4,2026-09-18,6.07,confirmed,acao_pn,BRBMGBACNPR0,BVBG.028.02:2026-09-18:IN260918.zip; COTAHIST:2026-09-18:COTAHIST_D18092026.ZIP,
BMKS3,2026-09-14,376.99,confirmed,acao_on,BRBMKSACNOR9,COTAHIST:2026-09-14:COTAHIST_D14092026.ZIP,
BMKS3,2026-09-18,376.92,confirmed,acao_on,BRBMKSACNOR9,BVBG.028.02:2026-09-18:IN260918.zip; COTAHIST:2026-09-18:COTAHIST_D18092026.ZIP,
BMOB3,2026-09-14,26.9,confirmed,acao_on,BRBMOBACNOR7,COTAHIST:2026-09-14:COTAHIST_D14092026.ZIP,
BMOB3,2026-09-18,27.52,confirmed,acao_on,BRBMOBACNOR7,BVBG.028.02:2026-09-18:IN260918.zip; COTAHIST:2026-09-18:COTAHIST_D18092026.ZIP,
BOBR4,2026-09-14,1.6,confirmed,acao_pn,BRBOBRACNPR3,COTAHIST:2026-09-14:COTAHIST_D14092026.ZIP,
BOBR4,2026-09-18,1.35,confirmed,acao_pn,BRBOBRACNPR3,BVBG.028.02:2026-09-18:IN260918.zip; COTAHIST:2026-09-18:COTAHIST_D18092026.ZIP,
BPAC11,2026-09-14,60.48,confirmed,unit,BRBPACUNT006,COTAHIST:2026-09-14:COTAHIST_D14092026.ZIP,
BPAC11,2026-09-18,61.4,confirmed,unit,BRBPACUNT006,BVBG.028.02:2026-09-18:IN260918.zip; COTAHIST:2026-09-18:COTAHIST_D18092026.ZIP,
BPAC3,2026-09-14,23.56,confirmed,acao_on,BRBPACACNOR7,COTAHIST:2026-09-14:COTAHIST_D14092026.ZIP,
BPAC3,2026-09-18,23.75,confirmed,acao_on,BRBPACACNOR7,BVBG.028.02:2026-09-18:IN260918.zip; COTAHIST:2026-09-18:COTAHIST_D18092026.ZIP,
BPAC5,2026-09-14,20.17,confirmed,acao_pn,BRBPACACNPA0,COTAHIST:2026-09-14:COTAHIST_D14092026.ZIP,
BPAC5,2026-09-18,20.91,confirmed,acao_pn,BRBPACACNPA0,BVBG.028.02:2026-09-18:IN260918.zip; COTAHIST:2026-09-18:COTAHIST_D18092026.ZIP,
BRAP3,2026-09-14,18.78,confirmed,acao_on,BRBRAPACNOR5,COTAHIST:2026-09-14:COTAHIST_D14092026.ZIP,
BRAP3,2026-09-18,18.51,confirmed,acao_on,BRBRAPACNOR5,BVBG.028.02:2026-09-18:IN260918.zip; COTAHIST:2026-09-18:COTAHIST_D18092026.ZIP,
BRAP4,2026-09-14,21.64,confirmed,acao_pn,BRBRAPACNPR2,COTAHIST:2026-09-14:COTAHIST_D14092026.ZIP,
BRAP4,2026-09-18,21.2,confirmed,acao_pn,BRBRAPACNPR2,BVBG.028.02:2026-09-18:IN260918.zip; COTAHIST:2026-09-18:COTAHIST_D18092026.ZIP,
BRAV3,2026-09-14,17.75,confirmed,acao_on,BRBRAVACNOR3,COTAHIST:2026-09-14:COTAHIST_D14092026.ZIP,
BRAV3,2026-09-18,17.35,confirmed,acao_on,BRBRAVACNOR3,BVBG.028.02:2026-09-18:IN260918.zip; COTAHIST:2026-09-18:COTAHIST_D18092026.ZIP,
BRBI11,2026-09-14,14.28,confirmed,unit,BRBRBICDAM10,COTAHIST:2026-09-14:COTAHIST_D14092026.ZIP,
BRBI11,2026-09-18,14.22,confirmed,unit,BRBRBICDAM10,BVBG.028.02:2026-09-18:IN260918.zip; COTAHIST:2026-09-18:COTAHIST_D18092026.ZIP,
BRKM3,2026-09-14,4.35,confirmed,acao_on,BRBRKMACNOR1,COTAHIST:2026-09-14:COTAHIST_D14092026.ZIP,
BRKM3,2026-09-18,4,confirmed,acao_on,BRBRKMACNOR1,BVBG.028.02:2026-09-18:IN260918.zip; COTAHIST:2026-09-18:COTAHIST_D18092026.ZIP,
BRKM5,2026-09-14,5.09,confirmed,acao_pn,BRBRKMACNPA4,COTAHIST:2026-09-14:COTAHIST_D14092026.ZIP,
BRKM5,2026-09-18,4.41,confirmed,acao_pn,BRBRKMACNPA4,BVBG.028.02:2026-09-18:IN260918.zip; COTAHIST:2026-09-18:COTAHIST_D18092026.ZIP,
BRSR3,2026-09-14,17.96,confirmed,acao_on,BRBRSRACNOR3,COTAHIST:2026-09-14:COTAHIST_D14092026.ZIP,
BRSR3,2026-09-18,18.18,confirmed,acao_on,BRBRSRACNOR3,BVBG.028.02:2026-09-18:IN260918.zip; COTAHIST:2026-09-18:COTAHIST_D18092026.ZIP,
BRSR6,2026-09-14,14.98,confirmed,acao_pn,BRBRSRACNPB4,COTAHIST:2026-09-14:COTAHIST_D14092026.ZIP,
BRSR6,2026-09-18,14.87,confirmed,acao_pn,BRBRSRACNPB4,BVBG.028.02:2026-09-18:IN260918.zip; COTAHIST:2026-09-18:COTAHIST_D18092026.ZIP,
BRST3,2026-09-14,2.84,confirmed,acao_on,BRBRSTACNOR9,COTAHIST:2026-09-14:COTAHIST_D14092026.ZIP,
BRST3,2026-09-18,2.85,confirmed,acao_on,BRBRSTACNOR9,BVBG.028.02:2026-09-18:IN260918.zip; COTAHIST:2026-09-18:COTAHIST_D18092026.ZIP,
BSLI3,2026-09-14,2.6,confirmed,acao_on,BRBSLIACNOR5,COTAHIST:2026-09-14:COTAHIST_D14092026.ZIP,
BSLI3,2026-09-18,2.4,confirmed,acao_on,BRBSLIACNOR5,BVBG.028.02:2026-09-18:IN260918.zip; COTAHIST:2026-09-18:COTAHIST_D18092026.ZIP,
BSLI4,2026-09-14,2.5,confirmed,acao_pn,BRBSLIACNPR2,COTAHIST:2026-09-14:COTAHIST_D14092026.ZIP,
BSLI4,2026-09-18,2.44,confirmed,acao_pn,BRBSLIACNPR2,BVBG.028.02:2026-09-18:IN260918.zip; COTAHIST:2026-09-18:COTAHIST_D18092026.ZIP,
CAMB3,2026-09-14,8.2946018714,confirmed,acao_on,BRCAMBACNOR4,COTAHIST:2026-09-14:COTAHIST_D14092026.ZIP,
CAMB3,2026-09-18,7.97,confirmed,acao_on,BRCAMBACNOR4,BVBG.028.02:2026-09-18:IN260918.zip; COTAHIST:2026-09-18:COTAHIST_D18092026.ZIP,
CAML3,2026-09-14,5.24,confirmed,acao_on,BRCAMLACNOR3,COTAHIST:2026-09-14:COTAHIST_D14092026.ZIP,
CAML3,2026-09-18,4.87,confirmed,acao_on,BRCAMLACNOR3,BVBG.028.02:2026-09-18:IN260918.zip; COTAHIST:2026-09-18:COTAHIST_D18092026.ZIP,
CASH3,2026-09-14,5.31,confirmed,acao_on,BRCASHACNOR8,COTAHIST:2026-09-14:COTAHIST_D14092026.ZIP,
CASH3,2026-09-18,5.73,confirmed,acao_on,BRCASHACNOR8,BVBG.028.02:2026-09-18:IN260918.zip; COTAHIST:2026-09-18:COTAHIST_D18092026.ZIP,
CBAV3,2026-09-14,11.17,confirmed,acao_on,BRCBAVACNOR5,COTAHIST:2026-09-14:COTAHIST_D14092026.ZIP,
CBAV3,2026-09-18,11.25,confirmed,acao_on,BRCBAVACNOR5,BVBG.028.02:2026-09-18:IN260918.zip; COTAHIST:2026-09-18:COTAHIST_D18092026.ZIP,
CCTY3,2026-09-14,6.55,confirmed,acao_on,BRCCTYACNOR7,COTAHIST:2026-09-14:COTAHIST_D14092026.ZIP,
CCTY3,2026-09-18,5,confirmed,acao_on,BRCCTYACNOR7,BVBG.028.02:2026-09-18:IN260918.zip; COTAHIST:2026-09-18:COTAHIST_D18092026.ZIP,
CEAB3,2026-09-14,9.35,confirmed,acao_on,BRCEABACNOR1,COTAHIST:2026-09-14:COTAHIST_D14092026.ZIP,
CEAB3,2026-09-18,8.94,confirmed,acao_on,BRCEABACNOR1,BVBG.028.02:2026-09-18:IN260918.zip; COTAHIST:2026-09-18:COTAHIST_D18092026.ZIP,
CEBR3,2026-09-14,23.65,confirmed,acao_on,BRCEBRACNOR5,COTAHIST:2026-09-14:COTAHIST_D14092026.ZIP,
CEBR3,2026-09-18,23.56,confirmed,acao_on,BRCEBRACNOR5,BVBG.028.02:2026-09-18:IN260918.zip; COTAHIST:2026-09-18:COTAHIST_D18092026.ZIP,
CEBR5,2026-09-14,23.59,confirmed,acao_pn,BRCEBRACNPA8,COTAHIST:2026-09-14:COTAHIST_D14092026.ZIP,
CEBR5,2026-09-18,23.68,confirmed,acao_pn,BRCEBRACNPA8,BVBG.028.02:2026-09-18:IN260918.zip; COTAHIST:2026-09-18:COTAHIST_D18092026.ZIP,
CEBR6,2026-09-14,27,confirmed,acao_pn,BRCEBRACNPB6,COTAHIST:2026-09-14:COTAHIST_D14092026.ZIP,
CEBR6,2026-09-18,27.45,confirmed,acao_pn,BRCEBRACNPB6,BVBG.028.02:2026-09-18:IN260918.zip; COTAHIST:2026-09-18:COTAHIST_D18092026.ZIP,
CEEB3,2026-09-14,46.45,confirmed,acao_on,BRCEEBACNOR3,COTAHIST:2026-09-14:COTAHIST_D14092026.ZIP,
CEEB3,2026-09-18,46.22,confirmed,acao_on,BRCEEBACNOR3,BVBG.028.02:2026-09-18:IN260918.zip; COTAHIST:2026-09-18:COTAHIST_D18092026.ZIP,
CGAS5,2026-09-14,121.2,confirmed,acao_pn,BRCGASACNPA3,COTAHIST:2026-09-14:COTAHIST_D14092026.ZIP,
CGAS5,2026-09-18,120,confirmed,acao_pn,BRCGASACNPA3,BVBG.028.02:2026-09-18:IN260918.zip; COTAHIST:2026-09-18:COTAHIST_D18092026.ZIP,
CGRA3,2026-09-14,23.5,confirmed,acao_on,BRCGRAACNOR2,COTAHIST:2026-09-14:COTAHIST_D14092026.ZIP,
CGRA3,2026-09-18,23.5,confirmed,acao_on,BRCGRAACNOR2,BVBG.028.02:2026-09-18:IN260918.zip; COTAHIST:2026-09-18:COTAHIST_D18092026.ZIP,
CGRA4,2026-09-14,23.18,confirmed,acao_pn,BRCGRAACNPR9,COTAHIST:2026-09-14:COTAHIST_D14092026.ZIP,
CGRA4,2026-09-18,22.97,confirmed,acao_pn,BRCGRAACNPR9,BVBG.028.02:2026-09-18:IN260918.zip; COTAHIST:2026-09-18:COTAHIST_D18092026.ZIP,
CLSC4,2026-09-14,159.54,confirmed,acao_pn,BRCLSCACNPR3,COTAHIST:2026-09-14:COTAHIST_D14092026.ZIP,
CLSC4,2026-09-18,159.8,confirmed,acao_pn,BRCLSCACNPR3,BVBG.028.02:2026-09-18:IN260918.zip; COTAHIST:2026-09-18:COTAHIST_D18092026.ZIP,
CMIG3,2026-09-14,17.18,confirmed,acao_on,BRCMIGACNOR6,COTAHIST:2026-09-14:COTAHIST_D14092026.ZIP,
CMIG3,2026-09-18,17.35,confirmed,acao_on,BRCMIGACNOR6,BVBG.028.02:2026-09-18:IN260918.zip; COTAHIST:2026-09-18:COTAHIST_D18092026.ZIP,
CMIG4,2026-09-14,11.22,confirmed,acao_pn,BRCMIGACNPR3,COTAHIST:2026-09-14:COTAHIST_D14092026.ZIP,
CMIG4,2026-09-18,11.21,confirmed,acao_pn,BRCMIGACNPR3,BVBG.028.02:2026-09-18:IN260918.zip; COTAHIST:2026-09-18:COTAHIST_D18092026.ZIP,
CMIN3,2026-09-14,6.26,confirmed,acao_on,BRCMINACNOR2,COTAHIST:2026-09-14:COTAHIST_D14092026.ZIP,
CMIN3,2026-09-18,5.46,confirmed,acao_on,BRCMINACNOR2,BVBG.028.02:2026-09-18:IN260918.zip; COTAHIST:2026-09-18:COTAHIST_D18092026.ZIP,
COCE5,2026-09-14,31.38,confirmed,acao_pn,BRCOCEACNPA3,COTAHIST:2026-09-14:COTAHIST_D14092026.ZIP,
COCE5,2026-09-18,31.24,confirmed,acao_pn,BRCOCEACNPA3,BVBG.028.02:2026-09-18:IN260918.zip; COTAHIST:2026-09-18:COTAHIST_D18092026.ZIP,
COGN3,2026-09-14,2.34,confirmed,acao_on,BRCOGNACNOR2,COTAHIST:2026-09-14:COTAHIST_D14092026.ZIP,
COGN3,2026-09-18,2.26,confirmed,acao_on,BRCOGNACNOR2,BVBG.028.02:2026-09-18:IN260918.zip; COTAHIST:2026-09-18:COTAHIST_D18092026.ZIP,
CPFE3,2026-09-14,44.73,confirmed,acao_on,BRCPFEACNOR0,COTAHIST:2026-09-14:COTAHIST_D14092026.ZIP,
CPFE3,2026-09-18,45.45,confirmed,acao_on,BRCPFEACNOR0,BVBG.028.02:2026-09-18:IN260918.zip; COTAHIST:2026-09-18:COTAHIST_D18092026.ZIP,
CPLE3,2026-09-14,15.92,confirmed,acao_on,BRCPLEACNOR8,COTAHIST:2026-09-14:COTAHIST_D14092026.ZIP,
CPLE3,2026-09-18,15.99,confirmed,acao_on,BRCPLEACNOR8,BVBG.028.02:2026-09-18:IN260918.zip; COTAHIST:2026-09-18:COTAHIST_D18092026.ZIP,
CRPG5,2026-09-14,9.51,confirmed,acao_pn,BRCRPGACNPA3,COTAHIST:2026-09-14:COTAHIST_D14092026.ZIP,
CRPG5,2026-09-18,8.68,confirmed,acao_pn,BRCRPGACNPA3,BVBG.028.02:2026-09-18:IN260918.zip; COTAHIST:2026-09-18:COTAHIST_D18092026.ZIP,
CSAN3,2026-09-14,3.61,confirmed,acao_on,BRCSANACNOR6,COTAHIST:2026-09-14:COTAHIST_D14092026.ZIP,
CSAN3,2026-09-18,3.65,confirmed,acao_on,BRCSANACNOR6,BVBG.028.02:2026-09-18:IN260918.zip; COTAHIST:2026-09-18:COTAHIST_D18092026.ZIP,
CSED3,2026-09-14,5.44,confirmed,acao_on,BRCSEDACNOR9,COTAHIST:2026-09-14:COTAHIST_D14092026.ZIP,
CSED3,2026-09-18,5.25,confirmed,acao_on,BRCSEDACNOR9,BVBG.028.02:2026-09-18:IN260918.zip; COTAHIST:2026-09-18:COTAHIST_D18092026.ZIP,
CSMG3,2026-09-14,56.87,confirmed,acao_on,BRCSMGACNOR5,COTAHIST:2026-09-14:COTAHIST_D14092026.ZIP,
CSMG3,2026-09-18,56.53,confirmed,acao_on,BRCSMGACNOR5,BVBG.028.02:2026-09-18:IN260918.zip; COTAHIST:2026-09-18:COTAHIST_D18092026.ZIP,
CSNA3,2026-09-14,6.35,confirmed,acao_on,BRCSNAACNOR6,COTAHIST:2026-09-14:COTAHIST_D14092026.ZIP,
CSNA3,2026-09-18,5.85,confirmed,acao_on,BRCSNAACNOR6,BVBG.028.02:2026-09-18:IN260918.zip; COTAHIST:2026-09-18:COTAHIST_D18092026.ZIP,
CSUD3,2026-09-14,14.12,confirmed,acao_on,BRCSUDACNOR5,COTAHIST:2026-09-14:COTAHIST_D14092026.ZIP,
CSUD3,2026-09-18,13.81,confirmed,acao_on,BRCSUDACNOR5,BVBG.028.02:2026-09-18:IN260918.zip; COTAHIST:2026-09-18:COTAHIST_D18092026.ZIP,
CURY3,2026-09-14,30.8,confirmed,acao_on,BRCURYACNOR3,COTAHIST:2026-09-14:COTAHIST_D14092026.ZIP,
CURY3,2026-09-18,29.05,confirmed,acao_on,BRCURYACNOR3,BVBG.028.02:2026-09-18:IN260918.zip; COTAHIST:2026-09-18:COTAHIST_D18092026.ZIP,
CVCB3,2026-09-14,1.61,confirmed,acao_on,BRCVCBACNOR1,COTAHIST:2026-09-14:COTAHIST_D14092026.ZIP,
CVCB3,2026-09-18,1.39,confirmed,acao_on,BRCVCBACNOR1,BVBG.028.02:2026-09-18:IN260918.zip; COTAHIST:2026-09-18:COTAHIST_D18092026.ZIP,
CXSE3,2026-09-14,20.06,confirmed,acao_on,BRCXSEACNOR7,COTAHIST:2026-09-14:COTAHIST_D14092026.ZIP,
CXSE3,2026-09-18,20.64,confirmed,acao_on,BRCXSEACNOR7,BVBG.028.02:2026-09-18:IN260918.zip; COTAHIST:2026-09-18:COTAHIST_D18092026.ZIP,
CYRE3,2026-09-14,25.33,confirmed,acao_on,BRCYREACNOR7,COTAHIST:2026-09-14:COTAHIST_D14092026.ZIP,
CYRE3,2026-09-18,26.67,confirmed,acao_on,BRCYREACNOR7,BVBG.028.02:2026-09-18:IN260918.zip; COTAHIST:2026-09-18:COTAHIST_D18092026.ZIP,
CYRE4,2026-09-14,24.96,confirmed,acao_pn,BRCYREACNPR4,COTAHIST:2026-09-14:COTAHIST_D14092026.ZIP,
CYRE4,2026-09-18,25.03,confirmed,acao_pn,BRCYREACNPR4,BVBG.028.02:2026-09-18:IN260918.zip; COTAHIST:2026-09-18:COTAHIST_D18092026.ZIP,
DASA3,2026-09-14,2.83,confirmed,acao_on,BRDASAACNOR1,COTAHIST:2026-09-14:COTAHIST_D14092026.ZIP,
DASA3,2026-09-18,2.84,confirmed,acao_on,BRDASAACNOR1,BVBG.028.02:2026-09-18:IN260918.zip; COTAHIST:2026-09-18:COTAHIST_D18092026.ZIP,
DESK3,2026-09-14,19.4,confirmed,acao_on,BRDESKACNOR2,COTAHIST:2026-09-14:COTAHIST_D14092026.ZIP,
DESK3,2026-09-18,19.44,confirmed,acao_on,BRDESKACNOR2,BVBG.028.02:2026-09-18:IN260918.zip; COTAHIST:2026-09-18:COTAHIST_D18092026.ZIP,
DEXP3,2026-09-14,7.5,confirmed,acao_on,BRDEXPACNOR1,COTAHIST:2026-09-14:COTAHIST_D14092026.ZIP,
DEXP3,2026-09-18,7.43,confirmed,acao_on,BRDEXPACNOR1,BVBG.028.02:2026-09-18:IN260918.zip; COTAHIST:2026-09-18:COTAHIST_D18092026.ZIP,
DIRR3,2026-09-14,10.13,confirmed,acao_on,BRDIRRACNOR0,COTAHIST:2026-09-14:COTAHIST_D14092026.ZIP,
DIRR3,2026-09-18,10.05,confirmed,acao_on,BRDIRRACNOR0,BVBG.028.02:2026-09-18:IN260918.zip; COTAHIST:2026-09-18:COTAHIST_D18092026.ZIP,
DMVF3,2026-09-14,6.12,confirmed,acao_on,BRDMVFACNOR9,COTAHIST:2026-09-14:COTAHIST_D14092026.ZIP,
DMVF3,2026-09-18,5.99,confirmed,acao_on,BRDMVFACNOR9,BVBG.028.02:2026-09-18:IN260918.zip; COTAHIST:2026-09-18:COTAHIST_D18092026.ZIP,
DOTZ3,2026-09-14,10.58,confirmed,acao_on,BRDOTZACNOR7,COTAHIST:2026-09-14:COTAHIST_D14092026.ZIP,
DOTZ3,2026-09-18,11,confirmed,acao_on,BRDOTZACNOR7,BVBG.028.02:2026-09-18:IN260918.zip; COTAHIST:2026-09-18:COTAHIST_D18092026.ZIP,
DXCO3,2026-09-14,5.46,confirmed,acao_on,BRDXCOACNOR8,COTAHIST:2026-09-14:COTAHIST_D14092026.ZIP,
DXCO3,2026-09-18,5.62,confirmed,acao_on,BRDXCOACNOR8,BVBG.028.02:2026-09-18:IN260918.zip; COTAHIST:2026-09-18:COTAHIST_D18092026.ZIP,
EALT4,2026-09-14,11.43,confirmed,acao_pn,BREALTACNPR1,COTAHIST:2026-09-14:COTAHIST_D14092026.ZIP,
EALT4,2026-09-18,11.08,confirmed,acao_pn,BREALTACNPR1,BVBG.028.02:2026-09-18:IN260918.zip; COTAHIST:2026-09-18:COTAHIST_D18092026.ZIP,
ECOM3,2026-09-14,1.24,confirmed,acao_on,BRECOMACNOR9,COTAHIST:2026-09-14:COTAHIST_D14092026.ZIP,
ECOM3,2026-09-18,1.56,confirmed,acao_on,BRECOMACNOR9,BVBG.028.02:2026-09-18:IN260918.zip; COTAHIST:2026-09-18:COTAHIST_D18092026.ZIP,
ECOR3,2026-09-14,7.84,confirmed,acao_on,BRECORACNOR8,COTAHIST:2026-09-14:COTAHIST_D14092026.ZIP,
ECOR3,2026-09-18,8.27,confirmed,acao_on,BRECORACNOR8,BVBG.028.02:2026-09-18:IN260918.zip; COTAHIST:2026-09-18:COTAHIST_D18092026.ZIP,
EGIE3,2026-09-14,30.46,confirmed,acao_on,BREGIEACNOR9,COTAHIST:2026-09-14:COTAHIST_D14092026.ZIP,
EGIE3,2026-09-18,30.39,confirmed,acao_on,BREGIEACNOR9,BVBG.028.02:2026-09-18:IN260918.zip; COTAHIST:2026-09-18:COTAHIST_D18092026.ZIP,
EKTR4,2026-09-14,38.95,confirmed,acao_pn,BREKTRACNPR7,COTAHIST:2026-09-14:COTAHIST_D14092026.ZIP,
EKTR4,2026-09-18,38.03,confirmed,acao_pn,BREKTRACNPR7,BVBG.028.02:2026-09-18:IN260918.zip; COTAHIST:2026-09-18:COTAHIST_D18092026.ZIP,
EMBJ3,2026-09-14,96.52,confirmed,acao_on,BREMBJACNOR1,COTAHIST:2026-09-14:COTAHIST_D14092026.ZIP,
EMBJ3,2026-09-18,97.08,confirmed,acao_on,BREMBJACNOR1,BVBG.028.02:2026-09-18:IN260918.zip; COTAHIST:2026-09-18:COTAHIST_D18092026.ZIP,
ENEV3,2026-09-14,26.94,confirmed,acao_on,BRENEVACNOR8,COTAHIST:2026-09-14:COTAHIST_D14092026.ZIP,
ENEV3,2026-09-18,27.13,confirmed,acao_on,BRENEVACNOR8,BVBG.028.02:2026-09-18:IN260918.zip; COTAHIST:2026-09-18:COTAHIST_D18092026.ZIP,
ENGI11,2026-09-14,51.35,confirmed,unit,BRENGICDAM16,COTAHIST:2026-09-14:COTAHIST_D14092026.ZIP,
ENGI11,2026-09-18,52.08,confirmed,unit,BRENGICDAM16,BVBG.028.02:2026-09-18:IN260918.zip; COTAHIST:2026-09-18:COTAHIST_D18092026.ZIP,
ENGI3,2026-09-14,12.35,confirmed,acao_on,BRENGIACNOR0,COTAHIST:2026-09-14:COTAHIST_D14092026.ZIP,
ENGI3,2026-09-18,12.25,confirmed,acao_on,BRENGIACNOR0,BVBG.028.02:2026-09-18:IN260918.zip; COTAHIST:2026-09-18:COTAHIST_D18092026.ZIP,
ENGI4,2026-09-14,9.74,confirmed,acao_pn,BRENGIACNPR7,COTAHIST:2026-09-14:COTAHIST_D14092026.ZIP,
ENGI4,2026-09-18,9.96,confirmed,acao_pn,BRENGIACNPR7,BVBG.028.02:2026-09-18:IN260918.zip; COTAHIST:2026-09-18:COTAHIST_D18092026.ZIP,
ENJU3,2026-09-14,0.76,confirmed,acao_on,BRENJUACNOR9,COTAHIST:2026-09-14:COTAHIST_D14092026.ZIP,
ENJU3,2026-09-18,0.77,confirmed,acao_on,BRENJUACNOR9,BVBG.028.02:2026-09-18:IN260918.zip; COTAHIST:2026-09-18:COTAHIST_D18092026.ZIP,
EPAR3,2026-09-14,1.34,confirmed,acao_on,BREPARACNOR9,COTAHIST:2026-09-14:COTAHIST_D14092026.ZIP,
EPAR3,2026-09-18,1.33,confirmed,acao_on,BREPARACNOR9,BVBG.028.02:2026-09-18:IN260918.zip; COTAHIST:2026-09-18:COTAHIST_D18092026.ZIP,
EQPA3,2026-09-14,5.55,confirmed,acao_on,BREQPAACNOR1,COTAHIST:2026-09-14:COTAHIST_D14092026.ZIP,
EQPA3,2026-09-18,5.47,confirmed,acao_on,BREQPAACNOR1,BVBG.028.02:2026-09-18:IN260918.zip; COTAHIST:2026-09-18:COTAHIST_D18092026.ZIP,
EQTL3,2026-09-14,39.48,confirmed,acao_on,BREQTLACNOR0,COTAHIST:2026-09-14:COTAHIST_D14092026.ZIP,
EQTL3,2026-09-18,39.57,confirmed,acao_on,BREQTLACNOR0,BVBG.028.02:2026-09-18:IN260918.zip; COTAHIST:2026-09-18:COTAHIST_D18092026.ZIP,
ESPA3,2026-09-14,7.06,confirmed,acao_on,BRESPAACNOR7,COTAHIST:2026-09-14:COTAHIST_D14092026.ZIP,
ESPA3,2026-09-18,7.1,confirmed,acao_on,BRESPAACNOR7,BVBG.028.02:2026-09-18:IN260918.zip; COTAHIST:2026-09-18:COTAHIST_D18092026.ZIP,
ESTR4,2026-09-14,1.36,confirmed,acao_pn,BRESTRACNPR0,COTAHIST:2026-09-14:COTAHIST_D14092026.ZIP,
ESTR4,2026-09-18,1.85,confirmed,acao_pn,BRESTRACNPR0,BVBG.028.02:2026-09-18:IN260918.zip; COTAHIST:2026-09-18:COTAHIST_D18092026.ZIP,
ETER3,2026-09-14,3.7,confirmed,acao_on,BRETERACNOR3,COTAHIST:2026-09-14:COTAHIST_D14092026.ZIP,
ETER3,2026-09-18,3.66,confirmed,acao_on,BRETERACNOR3,BVBG.028.02:2026-09-18:IN260918.zip; COTAHIST:2026-09-18:COTAHIST_D18092026.ZIP,
EUCA4,2026-09-14,21.13,confirmed,acao_pn,BREUCAACNPR8,COTAHIST:2026-09-14:COTAHIST_D14092026.ZIP,
EUCA4,2026-09-18,21.25,confirmed,acao_pn,BREUCAACNPR8,BVBG.028.02:2026-09-18:IN260918.zip; COTAHIST:2026-09-18:COTAHIST_D18092026.ZIP,
EVEN3,2026-09-14,4.1,confirmed,acao_on,BREVENACNOR8,COTAHIST:2026-09-14:COTAHIST_D14092026.ZIP,
EVEN3,2026-09-18,4.03,confirmed,acao_on,BREVENACNOR8,BVBG.028.02:2026-09-18:IN260918.zip; COTAHIST:2026-09-18:COTAHIST_D18092026.ZIP,
EZTC3,2026-09-14,12.86,confirmed,acao_on,BREZTCACNOR0,COTAHIST:2026-09-14:COTAHIST_D14092026.ZIP,
EZTC3,2026-09-18,13.38,confirmed,acao_on,BREZTCACNOR0,BVBG.028.02:2026-09-18:IN260918.zip; COTAHIST:2026-09-18:COTAHIST_D18092026.ZIP,
FASA3,2026-09-14,0.25,confirmed,acao_on,BRFASAACNOR6,COTAHIST:2026-09-14:COTAHIST_D14092026.ZIP,
FASA3,2026-09-18,0.29,confirmed,acao_on,BRFASAACNOR6,BVBG.028.02:2026-09-18:IN260918.zip; COTAHIST:2026-09-18:COTAHIST_D18092026.ZIP,
FESA3,2026-09-14,10.99,confirmed,acao_on,BRFESAACNOR8,COTAHIST:2026-09-14:COTAHIST_D14092026.ZIP,
FESA3,2026-09-18,10.4,confirmed,acao_on,BRFESAACNOR8,BVBG.028.02:2026-09-18:IN260918.zip; COTAHIST:2026-09-18:COTAHIST_D18092026.ZIP,
FESA4,2026-09-14,5.68,confirmed,acao_pn,BRFESAACNPR5,COTAHIST:2026-09-14:COTAHIST_D14092026.ZIP,
FESA4,2026-09-18,5.62,confirmed,acao_pn,BRFESAACNPR5,BVBG.028.02:2026-09-18:IN260918.zip; COTAHIST:2026-09-18:COTAHIST_D18092026.ZIP,
FHER3,2026-09-14,3.03,confirmed,acao_on,BRFHERACNOR5,COTAHIST:2026-09-14:COTAHIST_D14092026.ZIP,
FHER3,2026-09-18,2.85,confirmed,acao_on,BRFHERACNOR5,BVBG.028.02:2026-09-18:IN260918.zip; COTAHIST:2026-09-18:COTAHIST_D18092026.ZIP,
FIQE3,2026-09-14,5.18,confirmed,acao_on,BRFIQEACNOR5,COTAHIST:2026-09-14:COTAHIST_D14092026.ZIP,
FIQE3,2026-09-18,5.23,confirmed,acao_on,BRFIQEACNOR5,BVBG.028.02:2026-09-18:IN260918.zip; COTAHIST:2026-09-18:COTAHIST_D18092026.ZIP,
FLRY3,2026-09-14,21.4,confirmed,acao_on,BRFLRYACNOR5,COTAHIST:2026-09-14:COTAHIST_D14092026.ZIP,
FLRY3,2026-09-18,21.38,confirmed,acao_on,BRFLRYACNOR5,BVBG.028.02:2026-09-18:IN260918.zip; COTAHIST:2026-09-18:COTAHIST_D18092026.ZIP,
FRAS3,2026-09-14,23.2,confirmed,acao_on,BRFRASACNOR0,COTAHIST:2026-09-14:COTAHIST_D14092026.ZIP,
FRAS3,2026-09-18,23.57,confirmed,acao_on,BRFRASACNOR0,BVBG.028.02:2026-09-18:IN260918.zip; COTAHIST:2026-09-18:COTAHIST_D18092026.ZIP,
G2DI33,2026-09-14,1.18,confirmed,bdr,BRG2DIBDR002,COTAHIST:2026-09-14:COTAHIST_D14092026.ZIP,
G2DI33,2026-09-18,1.23,confirmed,bdr,BRG2DIBDR002,BVBG.028.02:2026-09-18:IN260918.zip; COTAHIST:2026-09-18:COTAHIST_D18092026.ZIP,
GFSA3,2026-09-14,0.27,confirmed,acao_on,BRGFSAACNOR3,COTAHIST:2026-09-14:COTAHIST_D14092026.ZIP,
GFSA3,2026-09-18,0.26,confirmed,acao_on,BRGFSAACNOR3,BVBG.028.02:2026-09-18:IN260918.zip; COTAHIST:2026-09-18:COTAHIST_D18092026.ZIP,
GGBR3,2026-09-14,21.65,confirmed,acao_on,BRGGBRACNOR1,COTAHIST:2026-09-14:COTAHIST_D14092026.ZIP,
GGBR3,2026-09-18,21.78,confirmed,acao_on,BRGGBRACNOR1,BVBG.028.02:2026-09-18:IN260918.zip; COTAHIST:2026-09-18:COTAHIST_D18092026.ZIP,
GGBR4,2026-09-14,25.06,confirmed,acao_pn,BRGGBRACNPR8,COTAHIST:2026-09-14:COTAHIST_D14092026.ZIP,
GGBR4,2026-09-18,25.34,confirmed,acao_pn,BRGGBRACNPR8,BVBG.028.02:2026-09-18:IN260918.zip; COTAHIST:2026-09-18:COTAHIST_D18092026.ZIP,
GGPS3,2026-09-14,12.8,confirmed,acao_on,BRGGPSACNOR9,COTAHIST:2026-09-14:COTAHIST_D14092026.ZIP,
GGPS3,2026-09-18,12.92,confirmed,acao_on,BRGGPSACNOR9,BVBG.028.02:2026-09-18:IN260918.zip; COTAHIST:2026-09-18:COTAHIST_D18092026.ZIP,
GMAT3,2026-09-14,4.88,confirmed,acao_on,BRGMATACNOR7,COTAHIST:2026-09-14:COTAHIST_D14092026.ZIP,
GMAT3,2026-09-18,4.91,confirmed,acao_on,BRGMATACNOR7,BVBG.028.02:2026-09-18:IN260918.zip; COTAHIST:2026-09-18:COTAHIST_D18092026.ZIP,
GOAU3,2026-09-14,10,confirmed,acao_on,BRGOAUACNOR1,COTAHIST:2026-09-14:COTAHIST_D14092026.ZIP,
GOAU3,2026-09-18,10.1,confirmed,acao_on,BRGOAUACNOR1,BVBG.028.02:2026-09-18:IN260918.zip; COTAHIST:2026-09-18:COTAHIST_D18092026.ZIP,
GOAU4,2026-09-14,11.21,confirmed,acao_pn,BRGOAUACNPR8,COTAHIST:2026-09-14:COTAHIST_D14092026.ZIP,
GOAU4,2026-09-18,11.42,confirmed,acao_pn,BRGOAUACNPR8,BVBG.028.02:2026-09-18:IN260918.zip; COTAHIST:2026-09-18:COTAHIST_D18092026.ZIP,
GRND3,2026-09-14,3.76,confirmed,acao_on,BRGRNDACNOR3,COTAHIST:2026-09-14:COTAHIST_D14092026.ZIP,
GRND3,2026-09-18,3.67,confirmed,acao_on,BRGRNDACNOR3,BVBG.028.02:2026-09-18:IN260918.zip; COTAHIST:2026-09-18:COTAHIST_D18092026.ZIP,
HAGA3,2026-09-14,2.59,confirmed,acao_on,BRHAGAACNOR7,COTAHIST:2026-09-14:COTAHIST_D14092026.ZIP,
HAGA3,2026-09-18,2.44,confirmed,acao_on,BRHAGAACNOR7,BVBG.028.02:2026-09-18:IN260918.zip; COTAHIST:2026-09-18:COTAHIST_D18092026.ZIP,
HAGA4,2026-09-14,1.73,confirmed,acao_pn,BRHAGAACNPR4,COTAHIST:2026-09-14:COTAHIST_D14092026.ZIP,
HAGA4,2026-09-18,1.67,confirmed,acao_pn,BRHAGAACNPR4,BVBG.028.02:2026-09-18:IN260918.zip; COTAHIST:2026-09-18:COTAHIST_D18092026.ZIP,
HAPV3,2026-09-14,6.72,confirmed,acao_on,BRHAPVACNOR4,COTAHIST:2026-09-14:COTAHIST_D14092026.ZIP,
HAPV3,2026-09-18,6.21,confirmed,acao_on,BRHAPVACNOR4,BVBG.028.02:2026-09-18:IN260918.zip; COTAHIST:2026-09-18:COTAHIST_D18092026.ZIP,
HBOR3,2026-09-14,2.12,confirmed,acao_on,BRHBORACNOR3,COTAHIST:2026-09-14:COTAHIST_D14092026.ZIP,
HBOR3,2026-09-18,2.22,confirmed,acao_on,BRHBORACNOR3,BVBG.028.02:2026-09-18:IN260918.zip; COTAHIST:2026-09-18:COTAHIST_D18092026.ZIP,
HBRE3,2026-09-14,2.65,confirmed,acao_on,BRHBREACNOR4,COTAHIST:2026-09-14:COTAHIST_D14092026.ZIP,
HBRE3,2026-09-18,2.74,confirmed,acao_on,BRHBREACNOR4,BVBG.028.02:2026-09-18:IN260918.zip; COTAHIST:2026-09-18:COTAHIST_D18092026.ZIP,
HBSA3,2026-09-14,3.28,confirmed,acao_on,BRHBSAACNOR0,COTAHIST:2026-09-14:COTAHIST_D14092026.ZIP,
HBSA3,2026-09-18,3.32,confirmed,acao_on,BRHBSAACNOR0,BVBG.028.02:2026-09-18:IN260918.zip; COTAHIST:2026-09-18:COTAHIST_D18092026.ZIP,
HOOT4,2026-09-14,8.76,confirmed,acao_pn,BRHOOTACNPR9,COTAHIST:2026-09-14:COTAHIST_D14092026.ZIP,
HOOT4,2026-09-18,8.5,confirmed,acao_pn,BRHOOTACNPR9,BVBG.028.02:2026-09-18:IN260918.zip; COTAHIST:2026-09-18:COTAHIST_D18092026.ZIP,
HYPE3,2026-09-14,23.53,confirmed,acao_on,BRHYPEACNOR0,COTAHIST:2026-09-14:COTAHIST_D14092026.ZIP,
HYPE3,2026-09-18,23.8,confirmed,acao_on,BRHYPEACNOR0,BVBG.028.02:2026-09-18:IN260918.zip; COTAHIST:2026-09-18:COTAHIST_D18092026.ZIP,
IFCM3,2026-09-14,1.64,confirmed,acao_on,BRIFCMACNOR8,COTAHIST:2026-09-14:COTAHIST_D14092026.ZIP,
IFCM3,2026-09-18,1.57,confirmed,acao_on,BRIFCMACNOR8,BVBG.028.02:2026-09-18:IN260918.zip; COTAHIST:2026-09-18:COTAHIST_D18092026.ZIP,
IGTI11,2026-09-14,25.76,confirmed,unit,BRIGTICDAM16,COTAHIST:2026-09-14:COTAHIST_D14092026.ZIP,
IGTI11,2026-09-18,26.22,confirmed,unit,BRIGTICDAM16,BVBG.028.02:2026-09-18:IN260918.zip; COTAHIST:2026-09-18:COTAHIST_D18092026.ZIP,
IGTI3,2026-09-14,3.23,confirmed,acao_on,BRIGTIACNOR8,COTAHIST:2026-09-14:COTAHIST_D14092026.ZIP,
IGTI3,2026-09-18,3.17,confirmed,acao_on,BRIGTIACNOR8,BVBG.028.02:2026-09-18:IN260918.zip; COTAHIST:2026-09-18:COTAHIST_D18092026.ZIP,
INEP3,2026-09-14,1.42,confirmed,acao_on,BRINEPACNOR1,COTAHIST:2026-09-14:COTAHIST_D14092026.ZIP,
INEP3,2026-09-18,1.34,confirmed,acao_on,BRINEPACNOR1,BVBG.028.02:2026-09-18:IN260918.zip; COTAHIST:2026-09-18:COTAHIST_D18092026.ZIP,
INEP4,2026-09-14,1.41,confirmed,acao_pn,BRINEPACNPR8,COTAHIST:2026-09-14:COTAHIST_D14092026.ZIP,
INEP4,2026-09-18,1.36,confirmed,acao_pn,BRINEPACNPR8,BVBG.028.02:2026-09-18:IN260918.zip; COTAHIST:2026-09-18:COTAHIST_D18092026.ZIP,
INTB3,2026-09-14,15.09,confirmed,acao_on,BRINTBACNOR9,COTAHIST:2026-09-14:COTAHIST_D14092026.ZIP,
INTB3,2026-09-18,14.93,confirmed,acao_on,BRINTBACNOR9,BVBG.028.02:2026-09-18:IN260918.zip; COTAHIST:2026-09-18:COTAHIST_D18092026.ZIP,
IRBR3,2026-09-14,61.93,confirmed,acao_on,BRIRBRACNOR4,COTAHIST:2026-09-14:COTAHIST_D14092026.ZIP,
IRBR3,2026-09-18,62,confirmed,acao_on,BRIRBRACNOR4,BVBG.028.02:2026-09-18:IN260918.zip; COTAHIST:2026-09-18:COTAHIST_D18092026.ZIP,
ISAE3,2026-09-14,32.9,confirmed,acao_on,BRISAEACNOR2,COTAHIST:2026-09-14:COTAHIST_D14092026.ZIP,
ISAE3,2026-09-18,35.37,confirmed,acao_on,BRISAEACNOR2,BVBG.028.02:2026-09-18:IN260918.zip; COTAHIST:2026-09-18:COTAHIST_D18092026.ZIP,
ISAE4,2026-09-14,27.28,confirmed,acao_pn,BRISAEACNPR9,COTAHIST:2026-09-14:COTAHIST_D14092026.ZIP,
ISAE4,2026-09-18,27.39,confirmed,acao_pn,BRISAEACNPR9,BVBG.028.02:2026-09-18:IN260918.zip; COTAHIST:2026-09-18:COTAHIST_D18092026.ZIP,
ITSA3,2026-09-14,14.22,confirmed,acao_on,BRITSAACNOR0,COTAHIST:2026-09-14:COTAHIST_D14092026.ZIP,
ITSA3,2026-09-18,14.17,confirmed,acao_on,BRITSAACNOR0,BVBG.028.02:2026-09-18:IN260918.zip; COTAHIST:2026-09-18:COTAHIST_D18092026.ZIP,
ITSA4,2026-09-14,14.05,confirmed,acao_pn,BRITSAACNPR7,COTAHIST:2026-09-14:COTAHIST_D14092026.ZIP,
ITSA4,2026-09-18,14.03,confirmed,acao_pn,BRITSAACNPR7,BVBG.028.02:2026-09-18:IN260918.zip; COTAHIST:2026-09-18:COTAHIST_D18092026.ZIP,
ITUB3,2026-09-14,46.25,confirmed,acao_on,BRITUBACNOR4,COTAHIST:2026-09-14:COTAHIST_D14092026.ZIP,
ITUB3,2026-09-18,46.37,confirmed,acao_on,BRITUBACNOR4,BVBG.028.02:2026-09-18:IN260918.zip; COTAHIST:2026-09-18:COTAHIST_D18092026.ZIP,
ITUB4,2026-09-14,42.35,confirmed,acao_pn,BRITUBACNPR1,COTAHIST:2026-09-14:COTAHIST_D14092026.ZIP,
ITUB4,2026-09-18,42.33,confirmed,acao_pn,BRITUBACNPR1,BVBG.028.02:2026-09-18:IN260918.zip; COTAHIST:2026-09-18:COTAHIST_D18092026.ZIP,
JALL3,2026-09-14,2.43,confirmed,acao_on,BRJALLACNOR0,COTAHIST:2026-09-14:COTAHIST_D14092026.ZIP,
JALL3,2026-09-18,2.24,confirmed,acao_on,BRJALLACNOR0,BVBG.028.02:2026-09-18:IN260918.zip; COTAHIST:2026-09-18:COTAHIST_D18092026.ZIP,
JBSS32,2026-09-14,64.84,confirmed,bdr,BRJBSSBDR002,COTAHIST:2026-09-14:COTAHIST_D14092026.ZIP,
JBSS32,2026-09-18,62.5,confirmed,bdr,BRJBSSBDR002,BVBG.028.02:2026-09-18:IN260918.zip; COTAHIST:2026-09-18:COTAHIST_D18092026.ZIP,
JHSF3,2026-09-14,11.83,confirmed,acao_on,BRJHSFACNOR2,COTAHIST:2026-09-14:COTAHIST_D14092026.ZIP,
JHSF3,2026-09-18,11.4,confirmed,acao_on,BRJHSFACNOR2,BVBG.028.02:2026-09-18:IN260918.zip; COTAHIST:2026-09-18:COTAHIST_D18092026.ZIP,
JSLG3,2026-09-14,6.06,confirmed,acao_on,BRJSLGACNOR2,COTAHIST:2026-09-14:COTAHIST_D14092026.ZIP,
JSLG3,2026-09-18,6.04,confirmed,acao_on,BRJSLGACNOR2,BVBG.028.02:2026-09-18:IN260918.zip; COTAHIST:2026-09-18:COTAHIST_D18092026.ZIP,
KEPL3,2026-09-14,6.58,confirmed,acao_on,BRKEPLACNOR1,COTAHIST:2026-09-14:COTAHIST_D14092026.ZIP,
KEPL3,2026-09-18,6.54,confirmed,acao_on,BRKEPLACNOR1,BVBG.028.02:2026-09-18:IN260918.zip; COTAHIST:2026-09-18:COTAHIST_D18092026.ZIP,
KLBN11,2026-09-14,19.22,confirmed,unit,BRKLBNCDAM18,COTAHIST:2026-09-14:COTAHIST_D14092026.ZIP,
KLBN11,2026-09-18,19.14,confirmed,unit,BRKLBNCDAM18,BVBG.028.02:2026-09-18:IN260918.zip; COTAHIST:2026-09-18:COTAHIST_D18092026.ZIP,
KLBN3,2026-09-14,4.01,confirmed,acao_on,BRKLBNACNOR2,COTAHIST:2026-09-14:COTAHIST_D14092026.ZIP,
KLBN3,2026-09-18,4.05,confirmed,acao_on,BRKLBNACNOR2,BVBG.028.02:2026-09-18:IN260918.zip; COTAHIST:2026-09-18:COTAHIST_D18092026.ZIP,
KLBN4,2026-09-14,3.8,confirmed,acao_pn,BRKLBNACNPR9,COTAHIST:2026-09-14:COTAHIST_D14092026.ZIP,
KLBN4,2026-09-18,3.86,confirmed,acao_pn,BRKLBNACNPR9,BVBG.028.02:2026-09-18:IN260918.zip; COTAHIST:2026-09-18:COTAHIST_D18092026.ZIP,
LAND3,2026-09-14,9.65,confirmed,acao_on,BRLANDACNOR9,COTAHIST:2026-09-14:COTAHIST_D14092026.ZIP,
LAND3,2026-09-18,9.35,confirmed,acao_on,BRLANDACNOR9,BVBG.028.02:2026-09-18:IN260918.zip; COTAHIST:2026-09-18:COTAHIST_D18092026.ZIP,
LAVV3,2026-09-14,10.71,confirmed,acao_on,BRLAVVACNOR4,COTAHIST:2026-09-14:COTAHIST_D14092026.ZIP,
LAVV3,2026-09-18,10.57,confirmed,acao_on,BRLAVVACNOR4,BVBG.028.02:2026-09-18:IN260918.zip; COTAHIST:2026-09-18:COTAHIST_D18092026.ZIP,
LEVE3,2026-09-14,32.67,confirmed,acao_on,BRLEVEACNOR2,COTAHIST:2026-09-14:COTAHIST_D14092026.ZIP,
LEVE3,2026-09-18,32.95,confirmed,acao_on,BRLEVEACNOR2,BVBG.028.02:2026-09-18:IN260918.zip; COTAHIST:2026-09-18:COTAHIST_D18092026.ZIP,
LIGT3,2026-09-14,3.75,confirmed,acao_on,BRLIGTACNOR2,COTAHIST:2026-09-14:COTAHIST_D14092026.ZIP,
LIGT3,2026-09-18,3.62,confirmed,acao_on,BRLIGTACNOR2,BVBG.028.02:2026-09-18:IN260918.zip; COTAHIST:2026-09-18:COTAHIST_D18092026.ZIP,
LJQQ3,2026-09-14,1.3,confirmed,acao_on,BRLJQQACNOR5,COTAHIST:2026-09-14:COTAHIST_D14092026.ZIP,
LJQQ3,2026-09-18,1.25,confirmed,acao_on,BRLJQQACNOR5,BVBG.028.02:2026-09-18:IN260918.zip; COTAHIST:2026-09-18:COTAHIST_D18092026.ZIP,
LOGG3,2026-09-14,23.4,confirmed,acao_on,BRLOGGACNOR7,COTAHIST:2026-09-14:COTAHIST_D14092026.ZIP,
LOGG3,2026-09-18,24.52,confirmed,acao_on,BRLOGGACNOR7,BVBG.028.02:2026-09-18:IN260918.zip; COTAHIST:2026-09-18:COTAHIST_D18092026.ZIP,
LOGN3,2026-09-14,28,confirmed,acao_on,BRLOGNACNOR3,COTAHIST:2026-09-14:COTAHIST_D14092026.ZIP,
LOGN3,2026-09-18,26,confirmed,acao_on,BRLOGNACNOR3,BVBG.028.02:2026-09-18:IN260918.zip; COTAHIST:2026-09-18:COTAHIST_D18092026.ZIP,
LPSB3,2026-09-14,1.29,confirmed,acao_on,BRLPSBACNOR0,COTAHIST:2026-09-14:COTAHIST_D14092026.ZIP,
LPSB3,2026-09-18,1.29,confirmed,acao_on,BRLPSBACNOR0,BVBG.028.02:2026-09-18:IN260918.zip; COTAHIST:2026-09-18:COTAHIST_D18092026.ZIP,
LREN3,2026-09-14,11.21,confirmed,acao_on,BRLRENACNOR1,COTAHIST:2026-09-14:COTAHIST_D14092026.ZIP,
LREN3,2026-09-18,11.17,confirmed,acao_on,BRLRENACNOR1,BVBG.028.02:2026-09-18:IN260918.zip; COTAHIST:2026-09-18:COTAHIST_D18092026.ZIP,
LUPA3,2026-09-14,3.62,confirmed,acao_on,BRLUPAACNOR8,COTAHIST:2026-09-14:COTAHIST_D14092026.ZIP,
LUPA3,2026-09-18,3.63,confirmed,acao_on,BRLUPAACNOR8,BVBG.028.02:2026-09-18:IN260918.zip; COTAHIST:2026-09-18:COTAHIST_D18092026.ZIP,
LUXM4,2026-09-14,2.89,confirmed,acao_pn,BRLUXMACNPR4,COTAHIST:2026-09-14:COTAHIST_D14092026.ZIP,
LUXM4,2026-09-18,2.99,confirmed,acao_pn,BRLUXMACNPR4,BVBG.028.02:2026-09-18:IN260918.zip; COTAHIST:2026-09-18:COTAHIST_D18092026.ZIP,
LWSA3,2026-09-14,4.03,confirmed,acao_on,BRLWSAACNOR8,COTAHIST:2026-09-14:COTAHIST_D14092026.ZIP,
LWSA3,2026-09-18,3.93,confirmed,acao_on,BRLWSAACNOR8,BVBG.028.02:2026-09-18:IN260918.zip; COTAHIST:2026-09-18:COTAHIST_D18092026.ZIP,
MATD3,2026-09-14,4.99,confirmed,acao_on,BRMATDACNOR4,COTAHIST:2026-09-14:COTAHIST_D14092026.ZIP,
MATD3,2026-09-18,5.06,confirmed,acao_on,BRMATDACNOR4,BVBG.028.02:2026-09-18:IN260918.zip; COTAHIST:2026-09-18:COTAHIST_D18092026.ZIP,
MBRF3,2026-09-14,17.21,confirmed,acao_on,BRMBRFACNOR1,COTAHIST:2026-09-14:COTAHIST_D14092026.ZIP,
MBRF3,2026-09-18,16.85,confirmed,acao_on,BRMBRFACNOR1,BVBG.028.02:2026-09-18:IN260918.zip; COTAHIST:2026-09-18:COTAHIST_D18092026.ZIP,
MDIA3,2026-09-14,17.05,confirmed,acao_on,BRMDIAACNOR7,COTAHIST:2026-09-14:COTAHIST_D14092026.ZIP,
MDIA3,2026-09-18,16.81,confirmed,acao_on,BRMDIAACNOR7,BVBG.028.02:2026-09-18:IN260918.zip; COTAHIST:2026-09-18:COTAHIST_D18092026.ZIP,
MDNE3,2026-09-14,24.71,confirmed,acao_on,BRMDNEACNOR9,COTAHIST:2026-09-14:COTAHIST_D14092026.ZIP,
MDNE3,2026-09-18,24.24,confirmed,acao_on,BRMDNEACNOR9,BVBG.028.02:2026-09-18:IN260918.zip; COTAHIST:2026-09-18:COTAHIST_D18092026.ZIP,
MEAL3,2026-09-14,0.88,confirmed,acao_on,BRMEALACNOR9,COTAHIST:2026-09-14:COTAHIST_D14092026.ZIP,
MEAL3,2026-09-18,0.97,confirmed,acao_on,BRMEALACNOR9,BVBG.028.02:2026-09-18:IN260918.zip; COTAHIST:2026-09-18:COTAHIST_D18092026.ZIP,
MELK3,2026-09-14,2.91,confirmed,acao_on,BRMELKACNOR8,COTAHIST:2026-09-14:COTAHIST_D14092026.ZIP,
MELK3,2026-09-18,2.93,confirmed,acao_on,BRMELKACNOR8,BVBG.028.02:2026-09-18:IN260918.zip; COTAHIST:2026-09-18:COTAHIST_D18092026.ZIP,
MGLU3,2026-09-14,5.57,confirmed,acao_on,BRMGLUACNOR2,COTAHIST:2026-09-14:COTAHIST_D14092026.ZIP,
MGLU3,2026-09-18,5.85,confirmed,acao_on,BRMGLUACNOR2,BVBG.028.02:2026-09-18:IN260918.zip; COTAHIST:2026-09-18:COTAHIST_D18092026.ZIP,
MILS3,2026-09-14,15.8,confirmed,acao_on,BRMILSACNOR2,COTAHIST:2026-09-14:COTAHIST_D14092026.ZIP,
MILS3,2026-09-18,15.9,confirmed,acao_on,BRMILSACNOR2,BVBG.028.02:2026-09-18:IN260918.zip; COTAHIST:2026-09-18:COTAHIST_D18092026.ZIP,
MLAS3,2026-09-14,1.85,confirmed,acao_on,BRMLASACNOR9,COTAHIST:2026-09-14:COTAHIST_D14092026.ZIP,
MLAS3,2026-09-18,1.87,confirmed,acao_on,BRMLASACNOR9,BVBG.028.02:2026-09-18:IN260918.zip; COTAHIST:2026-09-18:COTAHIST_D18092026.ZIP,
MNPR3,2026-09-14,3.94,confirmed,acao_on,BRMNPRACNOR5,COTAHIST:2026-09-14:COTAHIST_D14092026.ZIP,
MNPR3,2026-09-18,3.94,confirmed,acao_on,BRMNPRACNOR5,BVBG.028.02:2026-09-18:IN260918.zip; COTAHIST:2026-09-18:COTAHIST_D18092026.ZIP,
MOTV3,2026-09-14,16.38,confirmed,acao_on,BRMOTVACNOR7,COTAHIST:2026-09-14:COTAHIST_D14092026.ZIP,
MOTV3,2026-09-18,16.14,confirmed,acao_on,BRMOTVACNOR7,BVBG.028.02:2026-09-18:IN260918.zip; COTAHIST:2026-09-18:COTAHIST_D18092026.ZIP,
MOVI3,2026-09-14,7.8,confirmed,acao_on,BRMOVIACNOR0,COTAHIST:2026-09-14:COTAHIST_D14092026.ZIP,
MOVI3,2026-09-18,7.89,confirmed,acao_on,BRMOVIACNOR0,BVBG.028.02:2026-09-18:IN260918.zip; COTAHIST:2026-09-18:COTAHIST_D18092026.ZIP,
MRVE3,2026-09-14,5.55,confirmed,acao_on,BRMRVEACNOR2,COTAHIST:2026-09-14:COTAHIST_D14092026.ZIP,
MRVE3,2026-09-18,5.23,confirmed,acao_on,BRMRVEACNOR2,BVBG.028.02:2026-09-18:IN260918.zip; COTAHIST:2026-09-18:COTAHIST_D18092026.ZIP,
MTRE3,2026-09-14,3.34,confirmed,acao_on,BRMTREACNOR6,COTAHIST:2026-09-14:COTAHIST_D14092026.ZIP,
MTRE3,2026-09-18,3.26,confirmed,acao_on,BRMTREACNOR6,BVBG.028.02:2026-09-18:IN260918.zip; COTAHIST:2026-09-18:COTAHIST_D18092026.ZIP,
MTSA4,2026-09-14,46.51,confirmed,acao_pn,BRMTSAACNPR9,COTAHIST:2026-09-14:COTAHIST_D14092026.ZIP,
MTSA4,2026-09-18,46.45,confirmed,acao_pn,BRMTSAACNPR9,BVBG.028.02:2026-09-18:IN260918.zip; COTAHIST:2026-09-18:COTAHIST_D18092026.ZIP,
MULT3,2026-09-14,29.83,confirmed,acao_on,BRMULTACNOR5,COTAHIST:2026-09-14:COTAHIST_D14092026.ZIP,
MULT3,2026-09-18,30.65,confirmed,acao_on,BRMULTACNOR5,BVBG.028.02:2026-09-18:IN260918.zip; COTAHIST:2026-09-18:COTAHIST_D18092026.ZIP,
MYPK3,2026-09-14,9.88,confirmed,acao_on,BRMYPKACNOR7,COTAHIST:2026-09-14:COTAHIST_D14092026.ZIP,
MYPK3,2026-09-18,9.22,confirmed,acao_on,BRMYPKACNOR7,BVBG.028.02:2026-09-18:IN260918.zip; COTAHIST:2026-09-18:COTAHIST_D18092026.ZIP,
NATU3,2026-09-14,8.03,confirmed,acao_on,BRNATUACNOR6,COTAHIST:2026-09-14:COTAHIST_D14092026.ZIP,
NATU3,2026-09-18,7.94,confirmed,acao_on,BRNATUACNOR6,BVBG.028.02:2026-09-18:IN260918.zip; COTAHIST:2026-09-18:COTAHIST_D18092026.ZIP,
NORD3,2026-09-14,1.41,confirmed,acao_on,BRNORDACNOR7,COTAHIST:2026-09-14:COTAHIST_D14092026.ZIP,
NORD3,2026-09-18,1.31,confirmed,acao_on,BRNORDACNOR7,BVBG.028.02:2026-09-18:IN260918.zip; COTAHIST:2026-09-18:COTAHIST_D18092026.ZIP,
NUTR3,2026-09-14,2.27,confirmed,acao_on,BRNUTRACNOR0,COTAHIST:2026-09-14:COTAHIST_D14092026.ZIP,
NUTR3,2026-09-18,2.28,confirmed,acao_on,BRNUTRACNOR0,BVBG.028.02:2026-09-18:IN260918.zip; COTAHIST:2026-09-18:COTAHIST_D18092026.ZIP,
OBTC3,2026-09-14,7.18,confirmed,acao_on,BROBTCACNOR0,COTAHIST:2026-09-14:COTAHIST_D14092026.ZIP,
OBTC3,2026-09-18,6.99,confirmed,acao_on,BROBTCACNOR0,BVBG.028.02:2026-09-18:IN260918.zip; COTAHIST:2026-09-18:COTAHIST_D18092026.ZIP,
OFSA3,2026-09-14,26.7,confirmed,acao_on,BROFSAACNOR7,COTAHIST:2026-09-14:COTAHIST_D14092026.ZIP,
OFSA3,2026-09-18,26.38,confirmed,acao_on,BROFSAACNOR7,BVBG.028.02:2026-09-18:IN260918.zip; COTAHIST:2026-09-18:COTAHIST_D18092026.ZIP,
ONCO3,2026-09-14,1.07,confirmed,acao_on,BRONCOACNOR6,COTAHIST:2026-09-14:COTAHIST_D14092026.ZIP,
ONCO3,2026-09-18,1.29,confirmed,acao_on,BRONCOACNOR6,BVBG.028.02:2026-09-18:IN260918.zip; COTAHIST:2026-09-18:COTAHIST_D18092026.ZIP,
OPCT3,2026-09-14,11.299177033,confirmed,acao_on,BROPCTACNOR0,COTAHIST:2026-09-14:COTAHIST_D14092026.ZIP,
OPCT3,2026-09-18,9.32,confirmed,acao_on,BROPCTACNOR0,BVBG.028.02:2026-09-18:IN260918.zip; COTAHIST:2026-09-18:COTAHIST_D18092026.ZIP,
ORVR3,2026-09-14,17.5,confirmed,acao_on,BRORVRACNOR0,COTAHIST:2026-09-14:COTAHIST_D14092026.ZIP,
ORVR3,2026-09-18,16.89,confirmed,acao_on,BRORVRACNOR0,BVBG.028.02:2026-09-18:IN260918.zip; COTAHIST:2026-09-18:COTAHIST_D18092026.ZIP,
OSXB3,2026-09-14,1.05,confirmed,acao_on,BROSXBACNOR8,COTAHIST:2026-09-14:COTAHIST_D14092026.ZIP,
OSXB3,2026-09-18,0.94,confirmed,acao_on,BROSXBACNOR8,BVBG.028.02:2026-09-18:IN260918.zip; COTAHIST:2026-09-18:COTAHIST_D18092026.ZIP,
PASS3,2026-09-14,23.8,confirmed,acao_on,BRPASSACNOR7,COTAHIST:2026-09-14:COTAHIST_D14092026.ZIP,
PASS3,2026-09-18,23.08,confirmed,acao_on,BRPASSACNOR7,BVBG.028.02:2026-09-18:IN260918.zip; COTAHIST:2026-09-18:COTAHIST_D18092026.ZIP,
PATI3,2026-09-14,29.2,confirmed,acao_on,BRPATIACNOR6,COTAHIST:2026-09-14:COTAHIST_D14092026.ZIP,
PATI3,2026-09-18,28,confirmed,acao_on,BRPATIACNOR6,BVBG.028.02:2026-09-18:IN260918.zip; COTAHIST:2026-09-18:COTAHIST_D18092026.ZIP,
PCAR3,2026-09-14,3.08,confirmed,acao_on,BRPCARACNOR3,COTAHIST:2026-09-14:COTAHIST_D14092026.ZIP,
PCAR3,2026-09-18,3.05,confirmed,acao_on,BRPCARACNOR3,BVBG.028.02:2026-09-18:IN260918.zip; COTAHIST:2026-09-18:COTAHIST_D18092026.ZIP,
PDGR3,2026-09-14,1.14,confirmed,acao_on,BRPDGRACNOR8,COTAHIST:2026-09-14:COTAHIST_D14092026.ZIP,
PDGR3,2026-09-18,1.13,confirmed,acao_on,BRPDGRACNOR8,BVBG.028.02:2026-09-18:IN260918.zip; COTAHIST:2026-09-18:COTAHIST_D18092026.ZIP,
PDTC3,2026-09-14,1.74,confirmed,acao_on,BRPDTCACNOR3,COTAHIST:2026-09-14:COTAHIST_D14092026.ZIP,
PDTC3,2026-09-18,1.69,confirmed,acao_on,BRPDTCACNOR3,BVBG.028.02:2026-09-18:IN260918.zip; COTAHIST:2026-09-18:COTAHIST_D18092026.ZIP,
PETR3,2026-09-14,54.26,confirmed,acao_on,BRPETRACNOR9,COTAHIST:2026-09-14:COTAHIST_D14092026.ZIP,
PETR3,2026-09-18,53.41,confirmed,acao_on,BRPETRACNOR9,BVBG.028.02:2026-09-18:IN260918.zip; COTAHIST:2026-09-18:COTAHIST_D18092026.ZIP,
PETR4,2026-09-14,48.92,confirmed,acao_pn,BRPETRACNPR6,COTAHIST:2026-09-14:COTAHIST_D14092026.ZIP,
PETR4,2026-09-18,48.5,confirmed,acao_pn,BRPETRACNPR6,BVBG.028.02:2026-09-18:IN260918.zip; COTAHIST:2026-09-18:COTAHIST_D18092026.ZIP,
PFRM3,2026-09-14,7.83,confirmed,acao_on,BRPFRMACNOR1,COTAHIST:2026-09-14:COTAHIST_D14092026.ZIP,
PFRM3,2026-09-18,7.63,confirmed,acao_on,BRPFRMACNOR1,BVBG.028.02:2026-09-18:IN260918.zip; COTAHIST:2026-09-18:COTAHIST_D18092026.ZIP,
PGMN3,2026-09-14,3.8,confirmed,acao_on,BRPGMNACNOR8,COTAHIST:2026-09-14:COTAHIST_D14092026.ZIP,
PGMN3,2026-09-18,3.69,confirmed,acao_on,BRPGMNACNOR8,BVBG.028.02:2026-09-18:IN260918.zip; COTAHIST:2026-09-18:COTAHIST_D18092026.ZIP,
PINE3,2026-09-14,10.93,confirmed,acao_on,BRPINEACNOR1,COTAHIST:2026-09-14:COTAHIST_D14092026.ZIP,
PINE3,2026-09-18,10.61,confirmed,acao_on,BRPINEACNOR1,BVBG.028.02:2026-09-18:IN260918.zip; COTAHIST:2026-09-18:COTAHIST_D18092026.ZIP,
PINE4,2026-09-14,11.67,confirmed,acao_pn,BRPINEACNPR8,COTAHIST:2026-09-14:COTAHIST_D14092026.ZIP,
PINE4,2026-09-18,11.62,confirmed,acao_pn,BRPINEACNPR8,BVBG.028.02:2026-09-18:IN260918.zip; COTAHIST:2026-09-18:COTAHIST_D18092026.ZIP,
PLAS3,2026-09-14,3.1,confirmed,acao_on,BRPLASACNOR2,COTAHIST:2026-09-14:COTAHIST_D14092026.ZIP,
PLAS3,2026-09-18,3.52,confirmed,acao_on,BRPLASACNOR2,BVBG.028.02:2026-09-18:IN260918.zip; COTAHIST:2026-09-18:COTAHIST_D18092026.ZIP,
PLPL3,2026-09-14,6.71,confirmed,acao_on,BRPLPLACNOR5,COTAHIST:2026-09-14:COTAHIST_D14092026.ZIP,
PLPL3,2026-09-18,6.58,confirmed,acao_on,BRPLPLACNOR5,BVBG.028.02:2026-09-18:IN260918.zip; COTAHIST:2026-09-18:COTAHIST_D18092026.ZIP,
PMAM3,2026-09-14,0.62,confirmed,acao_on,BRPMAMACNOR3,COTAHIST:2026-09-14:COTAHIST_D14092026.ZIP,
PMAM3,2026-09-18,0.38,confirmed,acao_on,BRPMAMACNOR3,BVBG.028.02:2026-09-18:IN260918.zip; COTAHIST:2026-09-18:COTAHIST_D18092026.ZIP,
PNVL3,2026-09-14,12.95,confirmed,acao_on,BRPNVLACNOR9,COTAHIST:2026-09-14:COTAHIST_D14092026.ZIP,
PNVL3,2026-09-18,13.07,confirmed,acao_on,BRPNVLACNOR9,BVBG.028.02:2026-09-18:IN260918.zip; COTAHIST:2026-09-18:COTAHIST_D18092026.ZIP,
POMO3,2026-09-14,4.19,confirmed,acao_on,BRPOMOACNOR0,COTAHIST:2026-09-14:COTAHIST_D14092026.ZIP,
POMO3,2026-09-18,4.06,confirmed,acao_on,BRPOMOACNOR0,BVBG.028.02:2026-09-18:IN260918.zip; COTAHIST:2026-09-18:COTAHIST_D18092026.ZIP,
POMO4,2026-09-14,4.43,confirmed,acao_pn,BRPOMOACNPR7,COTAHIST:2026-09-14:COTAHIST_D14092026.ZIP,
POMO4,2026-09-18,4.28,confirmed,acao_pn,BRPOMOACNPR7,BVBG.028.02:2026-09-18:IN260918.zip; COTAHIST:2026-09-18:COTAHIST_D18092026.ZIP,
POSI3,2026-09-14,3.48,confirmed,acao_on,BRPOSIACNOR9,COTAHIST:2026-09-14:COTAHIST_D14092026.ZIP,
POSI3,2026-09-18,3.42,confirmed,acao_on,BRPOSIACNOR9,BVBG.028.02:2026-09-18:IN260918.zip; COTAHIST:2026-09-18:COTAHIST_D18092026.ZIP,
PRIO3,2026-09-14,63.91,confirmed,acao_on,BRPRIOACNOR1,COTAHIST:2026-09-14:COTAHIST_D14092026.ZIP,
PRIO3,2026-09-18,63.24,confirmed,acao_on,BRPRIOACNOR1,BVBG.028.02:2026-09-18:IN260918.zip; COTAHIST:2026-09-18:COTAHIST_D18092026.ZIP,
PRNR3,2026-09-14,17.94,confirmed,acao_on,BRPRNRACNOR4,COTAHIST:2026-09-14:COTAHIST_D14092026.ZIP,
PRNR3,2026-09-18,18.13,confirmed,acao_on,BRPRNRACNOR4,BVBG.028.02:2026-09-18:IN260918.zip; COTAHIST:2026-09-18:COTAHIST_D18092026.ZIP,
PSSA3,2026-09-14,50.04,confirmed,acao_on,BRPSSAACNOR7,COTAHIST:2026-09-14:COTAHIST_D14092026.ZIP,
PSSA3,2026-09-18,49.11,confirmed,acao_on,BRPSSAACNOR7,BVBG.028.02:2026-09-18:IN260918.zip; COTAHIST:2026-09-18:COTAHIST_D18092026.ZIP,
PTBL3,2026-09-14,1.62,confirmed,acao_on,BRPTBLACNOR8,COTAHIST:2026-09-14:COTAHIST_D14092026.ZIP,
PTBL3,2026-09-18,1.6,confirmed,acao_on,BRPTBLACNOR8,BVBG.028.02:2026-09-18:IN260918.zip; COTAHIST:2026-09-18:COTAHIST_D18092026.ZIP,
QUAL3,2026-09-14,1.5,confirmed,acao_on,BRQUALACNOR6,COTAHIST:2026-09-14:COTAHIST_D14092026.ZIP,
QUAL3,2026-09-18,1.65,confirmed,acao_on,BRQUALACNOR6,BVBG.028.02:2026-09-18:IN260918.zip; COTAHIST:2026-09-18:COTAHIST_D18092026.ZIP,
RADL3,2026-09-14,19.54,confirmed,acao_on,BRRADLACNOR0,COTAHIST:2026-09-14:COTAHIST_D14092026.ZIP,
RADL3,2026-09-18,20.23,confirmed,acao_on,BRRADLACNOR0,BVBG.028.02:2026-09-18:IN260918.zip; COTAHIST:2026-09-18:COTAHIST_D18092026.ZIP,
RAIL3,2026-09-14,14.54,confirmed,acao_on,BRRAILACNOR9,COTAHIST:2026-09-14:COTAHIST_D14092026.ZIP,
RAIL3,2026-09-18,14.97,confirmed,acao_on,BRRAILACNOR9,BVBG.028.02:2026-09-18:IN260918.zip; COTAHIST:2026-09-18:COTAHIST_D18092026.ZIP,
RAIZ4,2026-09-14,0.27,confirmed,acao_pn,BRRAIZACNPR6,COTAHIST:2026-09-14:COTAHIST_D14092026.ZIP,
RAIZ4,2026-09-18,0.26,confirmed,acao_pn,BRRAIZACNPR6,BVBG.028.02:2026-09-18:IN260918.zip; COTAHIST:2026-09-18:COTAHIST_D18092026.ZIP,
RANI3,2026-09-14,7.97,confirmed,acao_on,BRRANIACNOR5,COTAHIST:2026-09-14:COTAHIST_D14092026.ZIP,
RANI3,2026-09-18,8.05,confirmed,acao_on,BRRANIACNOR5,BVBG.028.02:2026-09-18:IN260918.zip; COTAHIST:2026-09-18:COTAHIST_D18092026.ZIP,
RAPT3,2026-09-14,8.59,confirmed,acao_on,BRRAPTACNOR7,COTAHIST:2026-09-14:COTAHIST_D14092026.ZIP,
RAPT3,2026-09-18,8.8,confirmed,acao_on,BRRAPTACNOR7,BVBG.028.02:2026-09-18:IN260918.zip; COTAHIST:2026-09-18:COTAHIST_D18092026.ZIP,
RAPT4,2026-09-14,5.04,confirmed,acao_pn,BRRAPTACNPR4,COTAHIST:2026-09-14:COTAHIST_D14092026.ZIP,
RAPT4,2026-09-18,4.93,confirmed,acao_pn,BRRAPTACNPR4,BVBG.028.02:2026-09-18:IN260918.zip; COTAHIST:2026-09-18:COTAHIST_D18092026.ZIP,
RCSL3,2026-09-14,0.42,confirmed,acao_on,BRRCSLACNOR4,COTAHIST:2026-09-14:COTAHIST_D14092026.ZIP,
RCSL3,2026-09-18,0.48,confirmed,acao_on,BRRCSLACNOR4,BVBG.028.02:2026-09-18:IN260918.zip; COTAHIST:2026-09-18:COTAHIST_D18092026.ZIP,
RCSL4,2026-09-14,0.38,confirmed,acao_pn,BRRCSLACNPR1,COTAHIST:2026-09-14:COTAHIST_D14092026.ZIP,
RCSL4,2026-09-18,0.35,confirmed,acao_pn,BRRCSLACNPR1,BVBG.028.02:2026-09-18:IN260918.zip; COTAHIST:2026-09-18:COTAHIST_D18092026.ZIP,
RDOR3,2026-09-14,37.05,confirmed,acao_on,BRRDORACNOR8,COTAHIST:2026-09-14:COTAHIST_D14092026.ZIP,
RDOR3,2026-09-18,37.23,confirmed,acao_on,BRRDORACNOR8,BVBG.028.02:2026-09-18:IN260918.zip; COTAHIST:2026-09-18:COTAHIST_D18092026.ZIP,
RECV3,2026-09-14,11.37,confirmed,acao_on,BRRECVACNOR3,COTAHIST:2026-09-14:COTAHIST_D14092026.ZIP,
RECV3,2026-09-18,11.02,confirmed,acao_on,BRRECVACNOR3,BVBG.028.02:2026-09-18:IN260918.zip; COTAHIST:2026-09-18:COTAHIST_D18092026.ZIP,
REDE3,2026-09-14,5.45,confirmed,acao_on,BRREDEACNOR7,COTAHIST:2026-09-14:COTAHIST_D14092026.ZIP,
REDE3,2026-09-18,5.29,confirmed,acao_on,BRREDEACNOR7,BVBG.028.02:2026-09-18:IN260918.zip; COTAHIST:2026-09-18:COTAHIST_D18092026.ZIP,
RENT3,2026-09-14,35.59,confirmed,acao_on,BRRENTACNOR4,COTAHIST:2026-09-14:COTAHIST_D14092026.ZIP,
RENT3,2026-09-18,36.2,confirmed,acao_on,BRRENTACNOR4,BVBG.028.02:2026-09-18:IN260918.zip; COTAHIST:2026-09-18:COTAHIST_D18092026.ZIP,
RENT4,2026-09-14,34.97,confirmed,acao_pn,BRRENTACNPR1,COTAHIST:2026-09-14:COTAHIST_D14092026.ZIP,
RENT4,2026-09-18,35.29,confirmed,acao_pn,BRRENTACNPR1,BVBG.028.02:2026-09-18:IN260918.zip; COTAHIST:2026-09-18:COTAHIST_D18092026.ZIP,
RIAA3,2026-09-14,7.05,confirmed,acao_on,BRRIAAACNOR2,COTAHIST:2026-09-14:COTAHIST_D14092026.ZIP,
RIAA3,2026-09-18,6.86,confirmed,acao_on,BRRIAAACNOR2,BVBG.028.02:2026-09-18:IN260918.zip; COTAHIST:2026-09-18:COTAHIST_D18092026.ZIP,
RNEW3,2026-09-14,0.92,confirmed,acao_on,BRRNEWACNOR8,COTAHIST:2026-09-14:COTAHIST_D14092026.ZIP,
RNEW3,2026-09-18,0.8,confirmed,acao_on,BRRNEWACNOR8,BVBG.028.02:2026-09-18:IN260918.zip; COTAHIST:2026-09-18:COTAHIST_D18092026.ZIP,
RNEW4,2026-09-14,0.89,confirmed,acao_pn,BRRNEWACNPR5,COTAHIST:2026-09-14:COTAHIST_D14092026.ZIP,
RNEW4,2026-09-18,0.82,confirmed,acao_pn,BRRNEWACNPR5,BVBG.028.02:2026-09-18:IN260918.zip; COTAHIST:2026-09-18:COTAHIST_D18092026.ZIP,
ROMI3,2026-09-14,5.95,confirmed,acao_on,BRROMIACNOR8,COTAHIST:2026-09-14:COTAHIST_D14092026.ZIP,
ROMI3,2026-09-18,6,confirmed,acao_on,BRROMIACNOR8,BVBG.028.02:2026-09-18:IN260918.zip; COTAHIST:2026-09-18:COTAHIST_D18092026.ZIP,
RSUL4,2026-09-14,39.4,confirmed,acao_pn,BRRSULACNPR3,COTAHIST:2026-09-14:COTAHIST_D14092026.ZIP,
RSUL4,2026-09-18,38.7,confirmed,acao_pn,BRRSULACNPR3,BVBG.028.02:2026-09-18:IN260918.zip; COTAHIST:2026-09-18:COTAHIST_D18092026.ZIP,
SANB11,2026-09-14,30.37,confirmed,unit,BRSANBCDAM13,COTAHIST:2026-09-14:COTAHIST_D14092026.ZIP,
SANB11,2026-09-18,29.47,confirmed,unit,BRSANBCDAM13,BVBG.028.02:2026-09-18:IN260918.zip; COTAHIST:2026-09-18:COTAHIST_D18092026.ZIP,
SANB3,2026-09-14,15.08,confirmed,acao_on,BRSANBACNOR8,COTAHIST:2026-09-14:COTAHIST_D14092026.ZIP,
SANB3,2026-09-18,14.75,confirmed,acao_on,BRSANBACNOR8,BVBG.028.02:2026-09-18:IN260918.zip; COTAHIST:2026-09-18:COTAHIST_D18092026.ZIP,
SANB4,2026-09-14,15.04,confirmed,acao_pn,BRSANBACNPR5,COTAHIST:2026-09-14:COTAHIST_D14092026.ZIP,
SANB4,2026-09-18,14.7,confirmed,acao_pn,BRSANBACNPR5,BVBG.028.02:2026-09-18:IN260918.zip; COTAHIST:2026-09-18:COTAHIST_D18092026.ZIP,
SAPR11,2026-09-14,34.74,confirmed,unit,BRSAPRCDAM13,COTAHIST:2026-09-14:COTAHIST_D14092026.ZIP,
SAPR11,2026-09-18,34.51,confirmed,unit,BRSAPRCDAM13,BVBG.028.02:2026-09-18:IN260918.zip; COTAHIST:2026-09-18:COTAHIST_D18092026.ZIP,
SAPR3,2026-09-14,7.63,confirmed,acao_on,BRSAPRACNOR9,COTAHIST:2026-09-14:COTAHIST_D14092026.ZIP,
SAPR3,2026-09-18,7.65,confirmed,acao_on,BRSAPRACNOR9,BVBG.028.02:2026-09-18:IN260918.zip; COTAHIST:2026-09-18:COTAHIST_D18092026.ZIP,
SAPR4,2026-09-14,6.82,confirmed,acao_pn,BRSAPRACNPR6,COTAHIST:2026-09-14:COTAHIST_D14092026.ZIP,
SAPR4,2026-09-18,6.75,confirmed,acao_pn,BRSAPRACNPR6,BVBG.028.02:2026-09-18:IN260918.zip; COTAHIST:2026-09-18:COTAHIST_D18092026.ZIP,
SAUD3,2026-09-14,15.02,confirmed,acao_on,BRSAUDACNOR9,COTAHIST:2026-09-14:COTAHIST_D14092026.ZIP,
SAUD3,2026-09-18,14.53,confirmed,acao_on,BRSAUDACNOR9,BVBG.028.02:2026-09-18:IN260918.zip; COTAHIST:2026-09-18:COTAHIST_D18092026.ZIP,
SBFG3,2026-09-14,8.74,confirmed,acao_on,BRSBFGACNOR1,COTAHIST:2026-09-14:COTAHIST_D14092026.ZIP,
SBFG3,2026-09-18,8.08,confirmed,acao_on,BRSBFGACNOR1,BVBG.028.02:2026-09-18:IN260918.zip; COTAHIST:2026-09-18:COTAHIST_D18092026.ZIP,
SBSP3,2026-09-14,26.84,confirmed,acao_on,BRSBSPACNOR5,COTAHIST:2026-09-14:COTAHIST_D14092026.ZIP,
SBSP3,2026-09-18,27.31,confirmed,acao_on,BRSBSPACNOR5,BVBG.028.02:2026-09-18:IN260918.zip; COTAHIST:2026-09-18:COTAHIST_D18092026.ZIP,
SCAR3,2026-09-14,12.66,confirmed,acao_on,BRSCARACNOR7,COTAHIST:2026-09-14:COTAHIST_D14092026.ZIP,
SCAR3,2026-09-18,12.55,confirmed,acao_on,BRSCARACNOR7,BVBG.028.02:2026-09-18:IN260918.zip; COTAHIST:2026-09-18:COTAHIST_D18092026.ZIP,
SEER3,2026-09-14,13.87,confirmed,acao_on,BRSEERACNOR5,COTAHIST:2026-09-14:COTAHIST_D14092026.ZIP,
SEER3,2026-09-18,13.82,confirmed,acao_on,BRSEERACNOR5,BVBG.028.02:2026-09-18:IN260918.zip; COTAHIST:2026-09-18:COTAHIST_D18092026.ZIP,
SEQL3,2026-09-14,0.07,confirmed,acao_on,BRSEQLACNOR2,COTAHIST:2026-09-14:COTAHIST_D14092026.ZIP,
SEQL3,2026-09-18,0.07,confirmed,acao_on,BRSEQLACNOR2,BVBG.028.02:2026-09-18:IN260918.zip; COTAHIST:2026-09-18:COTAHIST_D18092026.ZIP,
SHUL4,2026-09-14,4.35,confirmed,acao_pn,BRSHULACNPR4,COTAHIST:2026-09-14:COTAHIST_D14092026.ZIP,
SHUL4,2026-09-18,4.34,confirmed,acao_pn,BRSHULACNPR4,BVBG.028.02:2026-09-18:IN260918.zip; COTAHIST:2026-09-18:COTAHIST_D18092026.ZIP,
SIMH3,2026-09-14,7.52,confirmed,acao_on,BRSIMHACNOR0,COTAHIST:2026-09-14:COTAHIST_D14092026.ZIP,
SIMH3,2026-09-18,7.63,confirmed,acao_on,BRSIMHACNOR0,BVBG.028.02:2026-09-18:IN260918.zip; COTAHIST:2026-09-18:COTAHIST_D18092026.ZIP,
SLCE3,2026-09-14,17.35,confirmed,acao_on,BRSLCEACNOR2,COTAHIST:2026-09-14:COTAHIST_D14092026.ZIP,
SLCE3,2026-09-18,17.68,confirmed,acao_on,BRSLCEACNOR2,BVBG.028.02:2026-09-18:IN260918.zip; COTAHIST:2026-09-18:COTAHIST_D18092026.ZIP,
SMFT3,2026-09-14,17.09,confirmed,acao_on,BRSMFTACNOR1,COTAHIST:2026-09-14:COTAHIST_D14092026.ZIP,
SMFT3,2026-09-18,17,confirmed,acao_on,BRSMFTACNOR1,BVBG.028.02:2026-09-18:IN260918.zip; COTAHIST:2026-09-18:COTAHIST_D18092026.ZIP,
SMTO3,2026-09-14,19.74,confirmed,acao_on,BRSMTOACNOR3,COTAHIST:2026-09-14:COTAHIST_D14092026.ZIP,
SMTO3,2026-09-18,18.98,confirmed,acao_on,BRSMTOACNOR3,BVBG.028.02:2026-09-18:IN260918.zip; COTAHIST:2026-09-18:COTAHIST_D18092026.ZIP,
SNSY5,2026-09-14,2.41,confirmed,acao_pn,BRSNSYACNPA5,COTAHIST:2026-09-14:COTAHIST_D14092026.ZIP,
SNSY5,2026-09-18,2.46,confirmed,acao_pn,BRSNSYACNPA5,BVBG.028.02:2026-09-18:IN260918.zip; COTAHIST:2026-09-18:COTAHIST_D18092026.ZIP,
SOJA3,2026-09-14,7.47,confirmed,acao_on,BRSOJAACNOR9,COTAHIST:2026-09-14:COTAHIST_D14092026.ZIP,
SOJA3,2026-09-18,7.59,confirmed,acao_on,BRSOJAACNOR9,BVBG.028.02:2026-09-18:IN260918.zip; COTAHIST:2026-09-18:COTAHIST_D18092026.ZIP,
SUZB3,2026-09-14,47.3,confirmed,acao_on,BRSUZBACNOR0,COTAHIST:2026-09-14:COTAHIST_D14092026.ZIP,
SUZB3,2026-09-18,47.99,confirmed,acao_on,BRSUZBACNOR0,BVBG.028.02:2026-09-18:IN260918.zip; COTAHIST:2026-09-18:COTAHIST_D18092026.ZIP,
SYNE3,2026-09-14,3.6,confirmed,acao_on,BRSYNEACNOR2,COTAHIST:2026-09-14:COTAHIST_D14092026.ZIP,
SYNE3,2026-09-18,3.56,confirmed,acao_on,BRSYNEACNOR2,BVBG.028.02:2026-09-18:IN260918.zip; COTAHIST:2026-09-18:COTAHIST_D18092026.ZIP,
TAEE11,2026-09-14,40.51,confirmed,unit,BRTAEECDAM10,COTAHIST:2026-09-14:COTAHIST_D14092026.ZIP,
TAEE11,2026-09-18,41.91,confirmed,unit,BRTAEECDAM10,BVBG.028.02:2026-09-18:IN260918.zip; COTAHIST:2026-09-18:COTAHIST_D18092026.ZIP,
TAEE3,2026-09-14,13.31,confirmed,acao_on,BRTAEEACNOR9,COTAHIST:2026-09-14:COTAHIST_D14092026.ZIP,
TAEE3,2026-09-18,13.78,confirmed,acao_on,BRTAEEACNOR9,BVBG.028.02:2026-09-18:IN260918.zip; COTAHIST:2026-09-18:COTAHIST_D18092026.ZIP,
TAEE4,2026-09-14,13.72,confirmed,acao_pn,BRTAEEACNPR6,COTAHIST:2026-09-14:COTAHIST_D14092026.ZIP,
TAEE4,2026-09-18,14.02,confirmed,acao_pn,BRTAEEACNPR6,BVBG.028.02:2026-09-18:IN260918.zip; COTAHIST:2026-09-18:COTAHIST_D18092026.ZIP,
TASA3,2026-09-14,6.49,confirmed,acao_on,BRTASAACNOR7,COTAHIST:2026-09-14:COTAHIST_D14092026.ZIP,
TASA3,2026-09-18,8.13,confirmed,acao_on,BRTASAACNOR7,BVBG.028.02:2026-09-18:IN260918.zip; COTAHIST:2026-09-18:COTAHIST_D18092026.ZIP,
TASA4,2026-09-14,6.54,confirmed,acao_pn,BRTASAACNPR4,COTAHIST:2026-09-14:COTAHIST_D14092026.ZIP,
TASA4,2026-09-18,8.06,confirmed,acao_pn,BRTASAACNPR4,BVBG.028.02:2026-09-18:IN260918.zip; COTAHIST:2026-09-18:COTAHIST_D18092026.ZIP,
TCSA3,2026-09-14,0.64,confirmed,acao_on,BRTCSAACNOR3,COTAHIST:2026-09-14:COTAHIST_D14092026.ZIP,
TCSA3,2026-09-18,0.62,confirmed,acao_on,BRTCSAACNOR3,BVBG.028.02:2026-09-18:IN260918.zip; COTAHIST:2026-09-18:COTAHIST_D18092026.ZIP,
TECN3,2026-09-14,10.19,confirmed,acao_on,BRTECNACNOR6,COTAHIST:2026-09-14:COTAHIST_D14092026.ZIP,
TECN3,2026-09-18,10.04,confirmed,acao_on,BRTECNACNOR6,BVBG.028.02:2026-09-18:IN260918.zip; COTAHIST:2026-09-18:COTAHIST_D18092026.ZIP,
TEND3,2026-09-14,31.48,confirmed,acao_on,BRTENDACNOR4,COTAHIST:2026-09-14:COTAHIST_D14092026.ZIP,
TEND3,2026-09-18,30.12,confirmed,acao_on,BRTENDACNOR4,BVBG.028.02:2026-09-18:IN260918.zip; COTAHIST:2026-09-18:COTAHIST_D18092026.ZIP,
TFCO4,2026-09-14,12.94,confirmed,acao_pn,BRTFCOACNPR8,COTAHIST:2026-09-14:COTAHIST_D14092026.ZIP,
TFCO4,2026-09-18,13.14,confirmed,acao_pn,BRTFCOACNPR8,BVBG.028.02:2026-09-18:IN260918.zip; COTAHIST:2026-09-18:COTAHIST_D18092026.ZIP,
TGMA3,2026-09-14,35.25,confirmed,acao_on,BRTGMAACNOR7,COTAHIST:2026-09-14:COTAHIST_D14092026.ZIP,
TGMA3,2026-09-18,35.38,confirmed,acao_on,BRTGMAACNOR7,BVBG.028.02:2026-09-18:IN260918.zip; COTAHIST:2026-09-18:COTAHIST_D18092026.ZIP,
TIMS3,2026-09-14,19.6,confirmed,acao_on,BRTIMSACNOR5,COTAHIST:2026-09-14:COTAHIST_D14092026.ZIP,
TIMS3,2026-09-18,19.46,confirmed,acao_on,BRTIMSACNOR5,BVBG.028.02:2026-09-18:IN260918.zip; COTAHIST:2026-09-18:COTAHIST_D18092026.ZIP,
TOKY3,2026-09-14,10.58,confirmed,acao_on,BRTOKYACNOR5,COTAHIST:2026-09-14:COTAHIST_D14092026.ZIP,
TOKY3,2026-09-18,10.65,confirmed,acao_on,BRTOKYACNOR5,BVBG.028.02:2026-09-18:IN260918.zip; COTAHIST:2026-09-18:COTAHIST_D18092026.ZIP,
TOTS3,2026-09-14,34.37,confirmed,acao_on,BRTOTSACNOR8,COTAHIST:2026-09-14:COTAHIST_D14092026.ZIP,
TOTS3,2026-09-18,34.3,confirmed,acao_on,BRTOTSACNOR8,BVBG.028.02:2026-09-18:IN260918.zip; COTAHIST:2026-09-18:COTAHIST_D18092026.ZIP,
TPIS3,2026-09-14,10.55,confirmed,acao_on,BRTPISACNOR8,COTAHIST:2026-09-14:COTAHIST_D14092026.ZIP,
TPIS3,2026-09-18,10.45,confirmed,acao_on,BRTPISACNOR8,BVBG.028.02:2026-09-18:IN260918.zip; COTAHIST:2026-09-18:COTAHIST_D18092026.ZIP,
TRIS3,2026-09-14,4.96,confirmed,acao_on,BRTRISACNOR4,COTAHIST:2026-09-14:COTAHIST_D14092026.ZIP,
TRIS3,2026-09-18,4.91,confirmed,acao_on,BRTRISACNOR4,BVBG.028.02:2026-09-18:IN260918.zip; COTAHIST:2026-09-18:COTAHIST_D18092026.ZIP,
TTEN3,2026-09-14,10.59,confirmed,acao_on,BRTTENACNOR0,COTAHIST:2026-09-14:COTAHIST_D14092026.ZIP,
TTEN3,2026-09-18,10.35,confirmed,acao_on,BRTTENACNOR0,BVBG.028.02:2026-09-18:IN260918.zip; COTAHIST:2026-09-18:COTAHIST_D18092026.ZIP,
TUPY3,2026-09-14,15.79,confirmed,acao_on,BRTUPYACNOR1,COTAHIST:2026-09-14:COTAHIST_D14092026.ZIP,
TUPY3,2026-09-18,15.83,confirmed,acao_on,BRTUPYACNOR1,BVBG.028.02:2026-09-18:IN260918.zip; COTAHIST:2026-09-18:COTAHIST_D18092026.ZIP,
TXRX4,2026-09-14,1.7,confirmed,acao_pn,BRTXRXACNPR0,COTAHIST:2026-09-14:COTAHIST_D14092026.ZIP,
TXRX4,2026-09-18,2.14,confirmed,acao_pn,BRTXRXACNPR0,BVBG.028.02:2026-09-18:IN260918.zip; COTAHIST:2026-09-18:COTAHIST_D18092026.ZIP,
UCAS3,2026-09-14,1.17,confirmed,acao_on,BRUCASACNOR1,COTAHIST:2026-09-14:COTAHIST_D14092026.ZIP,
UCAS3,2026-09-18,1.12,confirmed,acao_on,BRUCASACNOR1,BVBG.028.02:2026-09-18:IN260918.zip; COTAHIST:2026-09-18:COTAHIST_D18092026.ZIP,
UGPA3,2026-09-14,38.37,confirmed,acao_on,BRUGPAACNOR8,COTAHIST:2026-09-14:COTAHIST_D14092026.ZIP,
UGPA3,2026-09-18,39.13,confirmed,acao_on,BRUGPAACNOR8,BVBG.028.02:2026-09-18:IN260918.zip; COTAHIST:2026-09-18:COTAHIST_D18092026.ZIP,
UNIP3,2026-09-14,55.01,confirmed,acao_on,BRUNIPACNOR7,COTAHIST:2026-09-14:COTAHIST_D14092026.ZIP,
UNIP3,2026-09-18,55.51,confirmed,acao_on,BRUNIPACNOR7,BVBG.028.02:2026-09-18:IN260918.zip; COTAHIST:2026-09-18:COTAHIST_D18092026.ZIP,
UNIP5,2026-09-14,59,confirmed,acao_pn,BRUNIPACNPA0,COTAHIST:2026-09-14:COTAHIST_D14092026.ZIP,
UNIP5,2026-09-18,59.99,confirmed,acao_pn,BRUNIPACNPA0,BVBG.028.02:2026-09-18:IN260918.zip; COTAHIST:2026-09-18:COTAHIST_D18092026.ZIP,
UNIP6,2026-09-14,57.04,confirmed,acao_pn,BRUNIPACNPB8,COTAHIST:2026-09-14:COTAHIST_D14092026.ZIP,
UNIP6,2026-09-18,57.79,confirmed,acao_pn,BRUNIPACNPB8,BVBG.028.02:2026-09-18:IN260918.zip; COTAHIST:2026-09-18:COTAHIST_D18092026.ZIP,
USIM3,2026-09-14,6.64,confirmed,acao_on,BRUSIMACNOR3,COTAHIST:2026-09-14:COTAHIST_D14092026.ZIP,
USIM3,2026-09-18,6.48,confirmed,acao_on,BRUSIMACNOR3,BVBG.028.02:2026-09-18:IN260918.zip; COTAHIST:2026-09-18:COTAHIST_D18092026.ZIP,
USIM5,2026-09-14,7.03,confirmed,acao_pn,BRUSIMACNPA6,COTAHIST:2026-09-14:COTAHIST_D14092026.ZIP,
USIM5,2026-09-18,6.9,confirmed,acao_pn,BRUSIMACNPA6,BVBG.028.02:2026-09-18:IN260918.zip; COTAHIST:2026-09-18:COTAHIST_D18092026.ZIP,
VALE3,2026-09-14,75.48,confirmed,acao_on,BRVALEACNOR0,COTAHIST:2026-09-14:COTAHIST_D14092026.ZIP,
VALE3,2026-09-18,73.37,confirmed,acao_on,BRVALEACNOR0,BVBG.028.02:2026-09-18:IN260918.zip; COTAHIST:2026-09-18:COTAHIST_D18092026.ZIP,
VAMO3,2026-09-14,3.24,confirmed,acao_on,BRVAMOACNOR7,COTAHIST:2026-09-14:COTAHIST_D14092026.ZIP,
VAMO3,2026-09-18,3.45,confirmed,acao_on,BRVAMOACNOR7,BVBG.028.02:2026-09-18:IN260918.zip; COTAHIST:2026-09-18:COTAHIST_D18092026.ZIP,
VBBR3,2026-09-14,37.7,confirmed,acao_on,BRVBBRACNOR1,COTAHIST:2026-09-14:COTAHIST_D14092026.ZIP,
VBBR3,2026-09-18,39.64,confirmed,acao_on,BRVBBRACNOR1,BVBG.028.02:2026-09-18:IN260918.zip; COTAHIST:2026-09-18:COTAHIST_D18092026.ZIP,
VITT3,2026-09-14,3.16,confirmed,acao_on,BRVITTACNOR4,COTAHIST:2026-09-14:COTAHIST_D14092026.ZIP,
VITT3,2026-09-18,3.09,confirmed,acao_on,BRVITTACNOR4,BVBG.028.02:2026-09-18:IN260918.zip; COTAHIST:2026-09-18:COTAHIST_D18092026.ZIP,
VIVA3,2026-09-14,22.4,confirmed,acao_on,BRVIVAACNOR0,COTAHIST:2026-09-14:COTAHIST_D14092026.ZIP,
VIVA3,2026-09-18,22.58,confirmed,acao_on,BRVIVAACNOR0,BVBG.028.02:2026-09-18:IN260918.zip; COTAHIST:2026-09-18:COTAHIST_D18092026.ZIP,
VIVR3,2026-09-14,1.52,confirmed,acao_on,BRVIVRACNOR4,COTAHIST:2026-09-14:COTAHIST_D14092026.ZIP,
VIVR3,2026-09-18,1.52,confirmed,acao_on,BRVIVRACNOR4,BVBG.028.02:2026-09-18:IN260918.zip; COTAHIST:2026-09-18:COTAHIST_D18092026.ZIP,
VIVT3,2026-09-14,30.51,confirmed,acao_on,BRVIVTACNOR0,COTAHIST:2026-09-14:COTAHIST_D14092026.ZIP,
VIVT3,2026-09-18,30.95,confirmed,acao_on,BRVIVTACNOR0,BVBG.028.02:2026-09-18:IN260918.zip; COTAHIST:2026-09-18:COTAHIST_D18092026.ZIP,
VLID3,2026-09-14,17.7,confirmed,acao_on,BRVLIDACNOR5,COTAHIST:2026-09-14:COTAHIST_D14092026.ZIP,
VLID3,2026-09-18,17.31,confirmed,acao_on,BRVLIDACNOR5,BVBG.028.02:2026-09-18:IN260918.zip; COTAHIST:2026-09-18:COTAHIST_D18092026.ZIP,
VSTE3,2026-09-14,2.55,confirmed,acao_on,BRVSTEACNOR5,COTAHIST:2026-09-14:COTAHIST_D14092026.ZIP,
VSTE3,2026-09-18,2.5,confirmed,acao_on,BRVSTEACNOR5,BVBG.028.02:2026-09-18:IN260918.zip; COTAHIST:2026-09-18:COTAHIST_D18092026.ZIP,
VTRU3,2026-09-14,14.66,confirmed,acao_on,BRVTRUACNOR3,COTAHIST:2026-09-14:COTAHIST_D14092026.ZIP,
VTRU3,2026-09-18,14.72,confirmed,acao_on,BRVTRUACNOR3,BVBG.028.02:2026-09-18:IN260918.zip; COTAHIST:2026-09-18:COTAHIST_D18092026.ZIP,
VULC3,2026-09-14,13.29,confirmed,acao_on,BRVULCACNOR2,COTAHIST:2026-09-14:COTAHIST_D14092026.ZIP,
VULC3,2026-09-18,13.41,confirmed,acao_on,BRVULCACNOR2,BVBG.028.02:2026-09-18:IN260918.zip; COTAHIST:2026-09-18:COTAHIST_D18092026.ZIP,
VVEO3,2026-09-14,0.78,confirmed,acao_on,BRVVEOACNOR0,COTAHIST:2026-09-14:COTAHIST_D14092026.ZIP,
VVEO3,2026-09-18,0.79,confirmed,acao_on,BRVVEOACNOR0,BVBG.028.02:2026-09-18:IN260918.zip; COTAHIST:2026-09-18:COTAHIST_D18092026.ZIP,
WDCN3,2026-09-14,2.85,confirmed,acao_on,BRWDCNACNOR2,COTAHIST:2026-09-14:COTAHIST_D14092026.ZIP,
WDCN3,2026-09-18,3.11,confirmed,acao_on,BRWDCNACNOR2,BVBG.028.02:2026-09-18:IN260918.zip; COTAHIST:2026-09-18:COTAHIST_D18092026.ZIP,
WEGE3,2026-09-14,50.634941232,confirmed,acao_on,BRWEGEACNOR0,COTAHIST:2026-09-14:COTAHIST_D14092026.ZIP,
WEGE3,2026-09-18,51.672787879,confirmed,acao_on,BRWEGEACNOR0,BVBG.028.02:2026-09-18:IN260918.zip; COTAHIST:2026-09-18:COTAHIST_D18092026.ZIP,
WEST3,2026-09-14,2.91,confirmed,acao_on,BRWESTACNOR3,COTAHIST:2026-09-14:COTAHIST_D14092026.ZIP,
WEST3,2026-09-18,3.17,confirmed,acao_on,BRWESTACNOR3,BVBG.028.02:2026-09-18:IN260918.zip; COTAHIST:2026-09-18:COTAHIST_D18092026.ZIP,
WHRL3,2026-09-14,3.49,confirmed,acao_on,BRWHRLACNOR5,COTAHIST:2026-09-14:COTAHIST_D14092026.ZIP,
WHRL3,2026-09-18,3.5,confirmed,acao_on,BRWHRLACNOR5,BVBG.028.02:2026-09-18:IN260918.zip; COTAHIST:2026-09-18:COTAHIST_D18092026.ZIP,
WHRL4,2026-09-14,3.57,confirmed,acao_pn,BRWHRLACNPR2,COTAHIST:2026-09-14:COTAHIST_D14092026.ZIP,
WHRL4,2026-09-18,3.65,confirmed,acao_pn,BRWHRLACNPR2,BVBG.028.02:2026-09-18:IN260918.zip; COTAHIST:2026-09-18:COTAHIST_D18092026.ZIP,
WIZC3,2026-09-14,7.87,confirmed,acao_on,BRWIZCACNOR5,COTAHIST:2026-09-14:COTAHIST_D14092026.ZIP,
WIZC3,2026-09-18,8.04,confirmed,acao_on,BRWIZCACNOR5,BVBG.028.02:2026-09-18:IN260918.zip; COTAHIST:2026-09-18:COTAHIST_D18092026.ZIP,
WLMM4,2026-09-14,16.18,confirmed,acao_pn,BRWLMMACNPR3,COTAHIST:2026-09-14:COTAHIST_D14092026.ZIP,
WLMM4,2026-09-18,15.52,confirmed,acao_pn,BRWLMMACNPR3,BVBG.028.02:2026-09-18:IN260918.zip; COTAHIST:2026-09-18:COTAHIST_D18092026.ZIP,
YDUQ3,2026-09-14,9.92,confirmed,acao_on,BRYDUQACNOR3,COTAHIST:2026-09-14:COTAHIST_D14092026.ZIP,
YDUQ3,2026-09-18,10.6,confirmed,acao_on,BRYDUQACNOR3,BVBG.028.02:2026-09-18:IN260918.zip; COTAHIST:2026-09-18:COTAHIST_D18092026.ZIP,
