date,rows,distinct_tickers,positive_close,missing_close,coverage_drop_vs_previous
1920-01-02,43,43,0,43,
2002-10-14,1,1,0,1,
2002-10-15,1,1,0,1,
2002-10-16,1,1,0,1,
2002-10-17,1,1,0,1,
2002-10-18,1,1,0,1,
2002-10-21,1,1,0,1,
2002-10-22,1,1,0,1,
2002-10-23,1,1,0,1,
2002-10-24,1,1,0,1,
2002-10-25,1,1,0,1,
2002-10-28,1,1,0,1,
2005-04-06,1,1,0,1,
2005-04-07,1,1,0,1,
2005-04-08,1,1,0,1,
2005-04-11,1,1,0,1,
2005-04-12,1,1,0,1,
2005-04-13,1,1,0,1,
2005-04-14,1,1,0,1,
2005-04-15,1,1,0,1,
2005-04-18,1,1,0,1,
2005-04-19,1,1,0,1,
2005-04-20,1,1,0,1,
2006-09-19,1,1,0,1,
2006-09-20,1,1,0,1,
2006-09-21,1,1,0,1,
2006-09-22,1,1,0,1,
2006-09-25,1,1,0,1,
2006-09-26,1,1,0,1,
2006-09-27,1,1,0,1,
2006-09-28,1,1,0,1,
2006-09-29,1,1,0,1,
2006-10-02,1,1,0,1,
2006-10-03,1,1,0,1,
2010-02-23,1,1,0,1,
2010-02-24,1,1,0,1,
2010-02-25,1,1,0,1,
2010-02-26,1,1,0,1,
2010-03-01,1,1,0,1,
2010-03-02,1,1,0,1,
2010-03-03,1,1,0,1,
2010-03-04,1,1,0,1,
2010-03-05,1,1,0,1,
2010-03-08,1,1,0,1,
2010-03-09,1,1,0,1,
2011-02-25,1,1,0,1,
2011-02-28,1,1,0,1,
2011-03-01,1,1,0,1,
2011-03-02,1,1,0,1,
2011-03-03,1,1,0,1,
2011-03-04,1,1,0,1,
2011-03-07,1,1,0,1,
2011-03-08,1,1,0,1,
2011-03-09,1,1,0,1,
2011-03-10,1,1,0,1,
2011-03-11,1,1,1,0,
2012-03-06,1,1,0,1,
2012-03-07,1,1,0,1,
2012-03-08,1,1,0,1,
2012-03-09,1,1,0,1,
2012-03-12,1,1,0,1,
2012-03-13,1,1,0,1,
2012-03-14,1,1,0,1,
2012-03-15,1,1,0,1,
2012-03-16,1,1,0,1,
2012-03-19,1,1,0,1,
2012-03-20,1,1,1,0,
2015-05-11,1,1,0,1,
2015-05-12,1,1,0,1,
2015-05-13,1,1,0,1,
2015-05-14,1,1,0,1,
2015-05-15,1,1,0,1,
2015-05-18,1,1,0,1,
2015-05-19,1,1,0,1,
2015-05-20,1,1,0,1,
2015-05-21,1,1,0,1,
2015-05-22,1,1,0,1,
2015-05-25,1,1,0,1,
2016-02-16,1,1,0,1,
2016-02-17,1,1,0,1,
2016-02-18,1,1,0,1,
2016-02-19,1,1,0,1,
2016-02-22,1,1,0,1,
2016-02-23,1,1,0,1,
2016-02-24,1,1,0,1,
2016-02-25,1,1,0,1,
2016-02-26,1,1,0,1,
2016-02-29,1,1,0,1,
2016-03-01,1,1,0,1,
2018-07-18,1,1,0,1,
2018-07-19,1,1,0,1,
2018-07-20,1,1,0,1,
2018-07-23,1,1,0,1,
2018-07-24,1,1,0,1,
2018-07-25,1,1,0,1,
2018-07-26,1,1,0,1,
2018-07-27,1,1,0,1,
2018-07-30,1,1,0,1,
2018-07-31,1,1,0,1,
2018-08-01,1,1,1,0,
2019-12-31,1,1,0,1,
2020-01-01,1,1,0,1,
2020-01-02,1,1,0,1,
2020-01-03,1,1,0,1,
2020-01-06,1,1,0,1,
2020-01-07,1,1,0,1,
2020-01-08,1,1,0,1,
2020-01-09,1,1,0,1,
2020-01-10,1,1,0,1,
2020-01-13,1,1,0,1,
2020-01-14,1,1,1,0,
2020-03-10,1,1,0,1,
2020-03-11,1,1,0,1,
2020-03-12,1,1,0,1,
2020-03-13,1,1,1,0,
2020-03-16,1,1,0,1,
2020-03-17,1,1,0,1,
2020-03-18,1,1,0,1,
2020-03-19,1,1,0,1,
2020-03-20,1,1,0,1,
2020-03-23,1,1,0,1,
2020-03-24,1,1,1,0,
2020-08-11,1,1,0,1,
2020-08-12,1,1,0,1,
2020-08-13,1,1,0,1,
2020-08-14,1,1,0,1,
2020-08-17,1,1,0,1,
2020-08-18,1,1,0,1,
2020-08-19,1,1,1,0,
2020-08-20,1,1,0,1,
2020-08-21,1,1,0,1,
2020-08-24,1,1,1,0,
2020-08-25,1,1,1,0,
2022-07-29,1,1,0,1,
2022-08-01,1,1,0,1,
2022-08-02,1,1,0,1,
2022-08-03,1,1,0,1,
2022-08-04,1,1,0,1,
2022-08-05,1,1,0,1,
2022-08-08,1,1,0,1,
2022-08-09,1,1,0,1,
2022-08-10,1,1,0,1,
2022-08-11,1,1,1,0,
2022-08-12,1,1,1,0,
2022-08-29,1,1,0,1,
2022-08-30,1,1,0,1,
2022-08-31,1,1,0,1,
2022-09-01,1,1,0,1,
2022-09-02,1,1,0,1,
2022-09-05,1,1,0,1,
2022-09-06,1,1,0,1,
2022-09-07,1,1,0,1,
2022-09-08,1,1,0,1,
2022-09-09,1,1,0,1,
2022-09-12,1,1,1,0,
2023-04-14,1,1,0,1,
2023-04-17,1,1,0,1,
2023-04-18,1,1,0,1,
2023-04-19,1,1,0,1,
2023-04-20,1,1,0,1,
2023-04-21,1,1,0,1,
2023-04-24,1,1,0,1,
2023-04-25,1,1,0,1,
2023-04-26,1,1,0,1,
2023-04-27,1,1,0,1,
2023-04-28,1,1,1,0,
2023-05-01,1,1,0,1,
2023-05-02,1,1,0,1,
2023-05-03,1,1,0,1,
2023-05-04,1,1,0,1,
2023-05-05,1,1,0,1,
2023-05-08,1,1,0,1,
2023-05-09,1,1,0,1,
2023-05-10,1,1,0,1,
2023-05-11,1,1,0,1,
2023-05-12,1,1,1,0,
2023-05-15,1,1,1,0,
2024-09-13,1,1,0,1,
2024-09-16,1,1,0,1,
2024-09-17,1,1,0,1,
2024-09-18,1,1,0,1,
2024-09-19,1,1,0,1,
2024-09-20,1,1,0,1,
2024-09-23,1,1,0,1,
2024-09-24,1,1,0,1,
2024-09-25,1,1,0,1,
2024-09-26,1,1,0,1,
2024-09-27,1,1,1,0,
2024-12-13,1,1,0,1,
2024-12-16,1,1,0,1,
2024-12-17,1,1,0,1,
2024-12-18,1,1,0,1,
2024-12-19,1,1,0,1,
2024-12-20,1,1,0,1,
2024-12-23,1,1,0,1,
2024-12-24,1,1,0,1,
2024-12-25,1,1,0,1,
2024-12-26,1,1,0,1,
2024-12-27,2,2,2,0,
2024-12-30,1,1,0,1,
2024-12-31,1,1,0,1,
2025-01-01,1,1,0,1,
2025-01-02,1,1,0,1,
2025-01-03,1,1,0,1,
2025-01-06,1,1,0,1,
2025-01-07,1,1,0,1,
2025-01-08,1,1,0,1,
2025-01-09,1,1,0,1,
2025-01-10,1,1,1,0,
2025-05-05,1,1,0,1,
2025-05-06,1,1,0,1,
2025-05-07,1,1,0,1,
2025-05-08,1,1,0,1,
2025-05-09,1,1,0,1,
2025-05-12,1,1,0,1,
2025-05-13,1,1,0,1,
2025-05-14,1,1,0,1,
2025-05-15,1,1,0,1,
2025-05-16,1,1,0,1,
2025-05-19,1,1,1,0,
2025-06-09,1,1,0,1,
2025-06-10,1,1,0,1,
2025-06-11,1,1,0,1,
2025-06-12,1,1,0,1,
2025-06-13,1,1,0,1,
2025-06-16,1,1,1,0,
2025-06-17,1,1,0,1,
2025-06-18,1,1,0,1,
2025-06-19,1,1,0,1,
2025-06-20,1,1,1,0,
2025-06-23,2,2,2,0,
2025-06-24,1,1,0,1,
2025-06-25,1,1,0,1,
2025-06-26,1,1,0,1,
2025-06-27,1,1,0,1,
2025-06-30,1,1,0,1,
2025-07-01,1,1,0,1,
2025-07-02,1,1,0,1,
2025-07-03,1,1,0,1,
2025-07-04,1,1,0,1,
2025-07-07,1,1,1,0,
2025-08-04,1,1,0,1,
2025-08-05,1,1,0,1,
2025-08-06,1,1,0,1,
2025-08-07,1,1,0,1,
2025-08-08,1,1,0,1,
2025-08-11,1,1,0,1,
2025-08-12,1,1,0,1,
2025-08-13,1,1,0,1,
2025-08-14,1,1,0,1,
2025-08-15,1,1,0,1,
2025-08-18,1,1,1,0,
2025-09-10,1,1,1,0,
2025-09-11,1,1,1,0,
2025-09-12,1,1,1,0,
2025-09-15,1,1,1,0,
2025-09-16,1,1,1,0,
2025-09-17,1,1,1,0,
2025-09-18,1,1,1,0,
2025-09-19,1,1,1,0,
2025-09-22,1,1,0,1,
2025-09-23,1,1,1,0,
2025-09-24,1,1,1,0,
2025-10-22,1,1,0,1,
2025-10-23,1,1,0,1,
2025-10-24,1,1,0,1,
2025-10-27,1,1,0,1,
2025-10-28,1,1,0,1,
2025-10-29,1,1,0,1,
2025-10-30,1,1,0,1,
2025-10-31,1,1,0,1,
2025-11-03,1,1,0,1,
2025-11-04,1,1,0,1,
2025-11-05,1,1,1,0,
2025-12-30,1,1,0,1,
2025-12-31,1,1,0,1,
2026-01-01,1,1,0,1,
2026-01-02,1,1,0,1,
2026-01-05,1,1,0,1,
2026-01-06,1,1,0,1,
2026-01-07,1,1,0,1,
2026-01-08,1,1,0,1,
2026-01-09,1,1,0,1,
2026-01-12,1,1,0,1,
2026-01-13,1,1,1,0,
2026-03-05,1,1,0,1,
2026-03-06,1,1,0,1,
2026-03-09,2,2,0,2,
2026-03-10,2,2,0,2,
2026-03-11,2,2,0,2,
2026-03-12,2,2,0,2,
2026-03-13,2,2,0,2,
2026-03-16,2,2,0,2,
2026-03-17,2,2,0,2,
2026-03-18,2,2,0,2,
2026-03-19,2,2,1,1,
2026-03-20,1,1,0,1,
2026-03-23,1,1,1,0,
2026-03-25,1,1,0,1,
2026-03-26,1,1,0,1,
2026-03-27,1,1,0,1,
2026-03-30,2,2,0,2,
2026-03-31,2,2,0,2,
2026-04-01,2,2,0,2,
2026-04-02,2,2,1,1,
2026-04-03,2,2,0,2,
2026-04-06,2,2,0,2,
2026-04-07,2,2,0,2,
2026-04-08,2,2,1,1,
2026-04-09,1,1,1,0,
2026-04-10,1,1,1,0,
2026-04-13,1,1,1,0,
2026-04-20,1,1,0,1,
2026-04-21,1,1,0,1,
2026-04-22,1,1,0,1,
2026-04-23,1,1,0,1,
2026-04-24,1,1,0,1,
2026-04-27,1,1,0,1,
2026-04-28,1,1,0,1,
2026-04-29,1,1,0,1,
2026-04-30,1,1,0,1,
2026-05-01,2,2,0,2,
2026-05-04,4,4,3,1,
2026-05-05,3,3,2,1,
2026-05-06,3,3,1,2,
2026-05-07,3,3,2,1,
2026-05-08,3,3,2,1,
2026-05-11,3,3,1,2,
2026-05-12,3,3,1,2,
2026-05-13,3,3,2,1,
2026-05-14,3,3,3,0,
2026-05-15,5,5,2,3,
2026-05-18,4,4,2,2,
2026-05-19,2,2,0,2,
2026-05-20,2,2,0,2,
2026-05-21,2,2,0,2,
2026-05-22,2,2,1,1,
2026-05-25,2,2,1,1,
2026-05-26,2,2,1,1,
2026-05-27,2,2,0,2,
2026-05-28,2,2,0,2,
2026-05-29,2,2,2,0,
2026-06-01,1,1,0,1,
2026-06-02,1,1,0,1,
2026-06-03,1,1,0,1,
2026-06-04,1,1,0,1,
2026-06-05,1,1,0,1,
2026-06-08,1,1,0,1,
2026-06-09,1,1,1,0,
2026-06-10,1,1,1,0,
2026-06-11,1,1,0,1,
2026-06-12,1,1,0,1,
2026-06-15,1,1,1,0,
2026-06-25,1,1,0,1,
2026-06-26,1,1,0,1,
2026-06-29,1,1,0,1,
2026-06-30,1,1,0,1,
2026-07-01,1,1,0,1,
2026-07-02,2,2,1,1,
2026-07-03,2,2,0,2,
2026-07-06,2,2,0,2,
2026-07-07,2,2,0,2,
2026-07-08,2,2,1,1,
2026-07-09,2,2,1,1,
2026-07-10,2,2,0,2,
2026-07-13,2,2,0,2,
2026-07-14,2,2,0,2,
2026-07-15,3,3,0,3,
2026-07-16,3,3,1,2,
2026-07-17,2,2,0,2,
2026-07-20,2,2,0,2,
2026-07-21,2,2,0,2,
2026-07-22,2,2,0,2,
2026-07-23,2,2,0,2,
2026-07-24,2,2,1,1,
2026-07-27,2,2,1,1,
2026-07-28,2,2,1,1,
2026-07-29,4,4,2,2,
2026-07-30,3,3,1,2,
2026-07-31,3,3,0,3,
2026-08-03,3,3,1,2,
2026-08-04,4,4,2,2,
2026-08-05,4,4,1,3,
2026-08-06,4,4,1,3,
2026-08-07,5,5,1,4,
2026-08-10,8,8,3,5,
2026-08-11,7,7,3,4,
2026-08-12,7,7,4,3,
2026-08-13,6,6,2,4,
2026-08-14,6,6,3,3,
2026-08-17,6,6,3,3,
2026-08-18,6,6,3,3,
2026-08-19,5,5,4,1,
2026-08-20,7,7,2,5,
2026-08-21,8,8,4,4,
2026-08-24,7,7,3,4,
2026-08-25,10,10,2,8,
2026-08-26,10,10,1,9,
2026-08-27,14,14,3,11,
2026-08-28,16,16,4,12,
2026-08-31,18,18,3,15,
2026-09-01,22,22,8,14,
2026-09-02,26,26,7,19,
2026-09-03,35,35,10,25,
2026-09-04,40,40,12,28,
2026-09-07,382,382,0,382,
2026-09-08,382,382,348,34,
2026-09-09,376,376,335,41,
2026-09-10,376,376,339,37,
2026-09-11,372,372,338,34,
2026-09-14,369,369,336,33,
2026-09-15,367,367,340,27,
2026-09-16,363,363,334,29,
2026-09-17,359,359,334,25,
2026-09-18,350,350,329,21,
2026-09-21,343,343,343,0,
