ticker,code_class,official_types,decision,basis,reason
AALR3,acao_on,acao_on,incluir,codigo_e_b3,Ação ON/PN confirmada nas duas datas
ABCB4,acao_pn,acao_pn,incluir,codigo_e_b3,Ação ON/PN confirmada nas duas datas
ABEV3,acao_on,acao_on,incluir,codigo_e_b3,Ação ON/PN confirmada nas duas datas
AERI3,acao_on,acao_on,incluir,codigo_e_b3,Ação ON/PN confirmada nas duas datas
AGRO3,acao_on,acao_on,incluir,codigo_e_b3,Ação ON/PN confirmada nas duas datas
AGXY3,acao_on,acao_on,incluir,codigo_e_b3,Ação ON/PN confirmada nas duas datas
ALLD3,acao_on,acao_on,incluir,codigo_e_b3,Ação ON/PN confirmada nas duas datas
ALOS3,acao_on,acao_on,incluir,codigo_e_b3,Ação ON/PN confirmada nas duas datas
ALPA3,acao_on,acao_on,incluir,codigo_e_b3,Ação ON/PN confirmada nas duas datas
ALPA4,acao_pn,acao_pn,incluir,codigo_e_b3,Ação ON/PN confirmada nas duas datas
ALPK3,acao_on,acao_on,incluir,codigo_e_b3,Ação ON/PN confirmada nas duas datas
ALUP11,outro,unit,excluir,codigo_b3,Fora do universo de ações ON/PN; espécie detalhada não é necessária
ALUP3,acao_on,acao_on,incluir,codigo_e_b3,Ação ON/PN confirmada nas duas datas
ALUP4,acao_pn,acao_pn,incluir,codigo_e_b3,Ação ON/PN confirmada nas duas datas
AMAR3,acao_on,acao_on,incluir,codigo_e_b3,Ação ON/PN confirmada nas duas datas
AMBP3,acao_on,acao_on,incluir,codigo_e_b3,Ação ON/PN confirmada nas duas datas
AMER3,acao_on,acao_on,incluir,codigo_e_b3,Ação ON/PN confirmada nas duas datas
AMOB3,acao_on,acao_on,incluir,codigo_e_b3,Ação ON/PN confirmada nas duas datas
ANIM3,acao_on,acao_on,incluir,codigo_e_b3,Ação ON/PN confirmada nas duas datas
ARML3,acao_on,acao_on,incluir,codigo_e_b3,Ação ON/PN confirmada nas duas datas
ASAI3,acao_on,acao_on,incluir,codigo_e_b3,Ação ON/PN confirmada nas duas datas
ATED3,acao_on,acao_on,incluir,codigo_e_b3,Ação ON/PN confirmada nas duas datas
AUAU3,acao_on,acao_on,incluir,codigo_e_b3,Ação ON/PN confirmada nas duas datas
AURA33,bdr,bdr,excluir,codigo_b3,BDR não é ação brasileira ON/PN
AURE3,acao_on,acao_on,incluir,codigo_e_b3,Ação ON/PN confirmada nas duas datas
AXIA3,acao_on,acao_on,incluir,codigo_e_b3,Ação ON/PN confirmada nas duas datas
AXIA7,acao_pn,acao_pn,incluir,codigo_e_b3,Ação ON/PN confirmada nas duas datas
AZEV3,acao_on,acao_on,incluir,codigo_e_b3,Ação ON/PN confirmada nas duas datas
AZEV4,acao_pn,acao_pn,incluir,codigo_e_b3,Ação ON/PN confirmada nas duas datas
AZTE3,acao_on,acao_on,incluir,codigo_e_b3,Ação ON/PN confirmada nas duas datas
AZUL3,acao_on,acao_on,incluir,codigo_e_b3,Ação ON/PN confirmada nas duas datas
AZZA3,acao_on,acao_on,incluir,codigo_e_b3,Ação ON/PN confirmada nas duas datas
B3SA3,acao_on,acao_on,incluir,codigo_e_b3,Ação ON/PN confirmada nas duas datas
BAZA3,acao_on,acao_on,incluir,codigo_e_b3,Ação ON/PN confirmada nas duas datas
BBAS3,acao_on,acao_on,incluir,codigo_e_b3,Ação ON/PN confirmada nas duas datas
BBDC3,acao_on,acao_on,incluir,codigo_e_b3,Ação ON/PN confirmada nas duas datas
BBDC4,acao_pn,acao_pn,incluir,codigo_e_b3,Ação ON/PN confirmada nas duas datas
BBSE3,acao_on,acao_on,incluir,codigo_e_b3,Ação ON/PN confirmada nas duas datas
BEEF3,acao_on,acao_on,incluir,codigo_e_b3,Ação ON/PN confirmada nas duas datas
BEES3,acao_on,acao_on,incluir,codigo_e_b3,Ação ON/PN confirmada nas duas datas
BEES4,acao_pn,acao_pn,incluir,codigo_e_b3,Ação ON/PN confirmada nas duas datas
BGIP4,acao_pn,acao_pn,incluir,codigo_e_b3,Ação ON/PN confirmada nas duas datas
BHIA3,acao_on,acao_on,incluir,codigo_e_b3,Ação ON/PN confirmada nas duas datas
BIED3,acao_on,acao_on,incluir,codigo_e_b3,Ação ON/PN confirmada nas duas datas
BIOM3,acao_on,acao_on,incluir,codigo_e_b3,Ação ON/PN confirmada nas duas datas
BLAU3,acao_on,acao_on,incluir,codigo_e_b3,Ação ON/PN confirmada nas duas datas
BMEB3,acao_on,acao_on,incluir,codigo_e_b3,Ação ON/PN confirmada nas duas datas
BMEB4,acao_pn,acao_pn,incluir,codigo_e_b3,Ação ON/PN confirmada nas duas datas
BMGB4,acao_pn,acao_pn,incluir,codigo_e_b3,Ação ON/PN confirmada nas duas datas
BMKS3,acao_on,acao_on,incluir,codigo_e_b3,Ação ON/PN confirmada nas duas datas
BMOB3,acao_on,acao_on,incluir,codigo_e_b3,Ação ON/PN confirmada nas duas datas
BOBR4,acao_pn,acao_pn,incluir,codigo_e_b3,Ação ON/PN confirmada nas duas datas
BPAC11,outro,unit,excluir,codigo_b3,Fora do universo de ações ON/PN; espécie detalhada não é necessária
BPAC3,acao_on,acao_on,incluir,codigo_e_b3,Ação ON/PN confirmada nas duas datas
BPAC5,acao_pn,acao_pn,incluir,codigo_e_b3,Ação ON/PN confirmada nas duas datas
BRAP3,acao_on,acao_on,incluir,codigo_e_b3,Ação ON/PN confirmada nas duas datas
BRAP4,acao_pn,acao_pn,incluir,codigo_e_b3,Ação ON/PN confirmada nas duas datas
BRAV3,acao_on,acao_on,incluir,codigo_e_b3,Ação ON/PN confirmada nas duas datas
BRBI11,outro,unit,excluir,codigo_b3,Fora do universo de ações ON/PN; espécie detalhada não é necessária
BRKM3,acao_on,acao_on,incluir,codigo_e_b3,Ação ON/PN confirmada nas duas datas
BRKM5,acao_pn,acao_pn,incluir,codigo_e_b3,Ação ON/PN confirmada nas duas datas
BRSR3,acao_on,acao_on,incluir,codigo_e_b3,Ação ON/PN confirmada nas duas datas
BRSR6,acao_pn,acao_pn,incluir,codigo_e_b3,Ação ON/PN confirmada nas duas datas
BRST3,acao_on,acao_on,incluir,codigo_e_b3,Ação ON/PN confirmada nas duas datas
BSLI3,acao_on,acao_on,incluir,codigo_e_b3,Ação ON/PN confirmada nas duas datas
BSLI4,acao_pn,acao_pn,incluir,codigo_e_b3,Ação ON/PN confirmada nas duas datas
CAMB3,acao_on,acao_on,incluir,codigo_e_b3,Ação ON/PN confirmada nas duas datas
CAML3,acao_on,acao_on,incluir,codigo_e_b3,Ação ON/PN confirmada nas duas datas
CASH3,acao_on,acao_on,incluir,codigo_e_b3,Ação ON/PN confirmada nas duas datas
CBAV3,acao_on,acao_on,incluir,codigo_e_b3,Ação ON/PN confirmada nas duas datas
CEAB3,acao_on,acao_on,incluir,codigo_e_b3,Ação ON/PN confirmada nas duas datas
CEBR3,acao_on,acao_on,incluir,codigo_e_b3,Ação ON/PN confirmada nas duas datas
CEBR5,acao_pn,acao_pn,incluir,codigo_e_b3,Ação ON/PN confirmada nas duas datas
CEBR6,acao_pn,acao_pn,incluir,codigo_e_b3,Ação ON/PN confirmada nas duas datas
CEEB3,acao_on,acao_on,incluir,codigo_e_b3,Ação ON/PN confirmada nas duas datas
CGAS5,acao_pn,acao_pn,incluir,codigo_e_b3,Ação ON/PN confirmada nas duas datas
CGRA3,acao_on,acao_on,incluir,codigo_e_b3,Ação ON/PN confirmada nas duas datas
CGRA4,acao_pn,acao_pn,incluir,codigo_e_b3,Ação ON/PN confirmada nas duas datas
CLSC4,acao_pn,acao_pn,incluir,codigo_e_b3,Ação ON/PN confirmada nas duas datas
CMIG3,acao_on,acao_on,incluir,codigo_e_b3,Ação ON/PN confirmada nas duas datas
CMIG4,acao_pn,acao_pn,incluir,codigo_e_b3,Ação ON/PN confirmada nas duas datas
CMIN3,acao_on,acao_on,incluir,codigo_e_b3,Ação ON/PN confirmada nas duas datas
COCE5,acao_pn,acao_pn,incluir,codigo_e_b3,Ação ON/PN confirmada nas duas datas
COGN3,acao_on,acao_on,incluir,codigo_e_b3,Ação ON/PN confirmada nas duas datas
CPFE3,acao_on,acao_on,incluir,codigo_e_b3,Ação ON/PN confirmada nas duas datas
CPLE3,acao_on,acao_on,incluir,codigo_e_b3,Ação ON/PN confirmada nas duas datas
CRPG5,acao_pn,acao_pn,incluir,codigo_e_b3,Ação ON/PN confirmada nas duas datas
CRPG6,acao_pn,acao_pn,incluir,codigo_e_b3,Ação ON/PN confirmada nas duas datas
CSAN3,acao_on,acao_on,incluir,codigo_e_b3,Ação ON/PN confirmada nas duas datas
CSED3,acao_on,acao_on,incluir,codigo_e_b3,Ação ON/PN confirmada nas duas datas
CSMG3,acao_on,acao_on,incluir,codigo_e_b3,Ação ON/PN confirmada nas duas datas
CSNA3,acao_on,acao_on,incluir,codigo_e_b3,Ação ON/PN confirmada nas duas datas
CSUD3,acao_on,acao_on,incluir,codigo_e_b3,Ação ON/PN confirmada nas duas datas
CURY3,acao_on,acao_on,incluir,codigo_e_b3,Ação ON/PN confirmada nas duas datas
CVCB3,acao_on,acao_on,incluir,codigo_e_b3,Ação ON/PN confirmada nas duas datas
CXSE3,acao_on,acao_on,incluir,codigo_e_b3,Ação ON/PN confirmada nas duas datas
CYRE3,acao_on,acao_on,incluir,codigo_e_b3,Ação ON/PN confirmada nas duas datas
CYRE4,acao_pn,acao_pn,incluir,codigo_e_b3,Ação ON/PN confirmada nas duas datas
DASA3,acao_on,acao_on,incluir,codigo_e_b3,Ação ON/PN confirmada nas duas datas
DESK3,acao_on,acao_on,incluir,codigo_e_b3,Ação ON/PN confirmada nas duas datas
DEXP3,acao_on,acao_on,incluir,codigo_e_b3,Ação ON/PN confirmada nas duas datas
DEXP4,acao_pn,acao_pn,incluir,codigo_e_b3,Ação ON/PN confirmada nas duas datas
DIRR3,acao_on,acao_on,incluir,codigo_e_b3,Ação ON/PN confirmada nas duas datas
DMVF3,acao_on,acao_on,incluir,codigo_e_b3,Ação ON/PN confirmada nas duas datas
DOTZ3,acao_on,acao_on,incluir,codigo_e_b3,Ação ON/PN confirmada nas duas datas
DXCO3,acao_on,acao_on,incluir,codigo_e_b3,Ação ON/PN confirmada nas duas datas
EALT4,acao_pn,acao_pn,incluir,codigo_e_b3,Ação ON/PN confirmada nas duas datas
ECOM3,acao_on,acao_on,incluir,codigo_e_b3,Ação ON/PN confirmada nas duas datas
ECOR3,acao_on,acao_on,incluir,codigo_e_b3,Ação ON/PN confirmada nas duas datas
EGIE3,acao_on,acao_on,incluir,codigo_e_b3,Ação ON/PN confirmada nas duas datas
EKTR4,acao_pn,acao_pn,incluir,codigo_e_b3,Ação ON/PN confirmada nas duas datas
EMAE4,acao_pn,acao_pn,incluir,codigo_e_b3,Ação ON/PN confirmada nas duas datas
EMBJ3,acao_on,acao_on,incluir,codigo_e_b3,Ação ON/PN confirmada nas duas datas
ENEV3,acao_on,acao_on,incluir,codigo_e_b3,Ação ON/PN confirmada nas duas datas
ENGI11,outro,unit,excluir,codigo_b3,Fora do universo de ações ON/PN; espécie detalhada não é necessária
ENGI3,acao_on,acao_on,incluir,codigo_e_b3,Ação ON/PN confirmada nas duas datas
ENGI4,acao_pn,acao_pn,incluir,codigo_e_b3,Ação ON/PN confirmada nas duas datas
ENJU3,acao_on,acao_on,incluir,codigo_e_b3,Ação ON/PN confirmada nas duas datas
ENMT3,acao_on,acao_on,incluir,codigo_e_b3,Ação ON/PN confirmada nas duas datas
ENMT4,acao_pn,acao_pn,incluir,codigo_e_b3,Ação ON/PN confirmada nas duas datas
EPAR3,acao_on,acao_on,incluir,codigo_e_b3,Ação ON/PN confirmada nas duas datas
EQPA3,acao_on,acao_on,incluir,codigo_e_b3,Ação ON/PN confirmada nas duas datas
EQTL3,acao_on,acao_on,incluir,codigo_e_b3,Ação ON/PN confirmada nas duas datas
ESPA3,acao_on,acao_on,incluir,codigo_e_b3,Ação ON/PN confirmada nas duas datas
ESTR4,acao_pn,acao_pn,incluir,codigo_e_b3,Ação ON/PN confirmada nas duas datas
ETER3,acao_on,acao_on,incluir,codigo_e_b3,Ação ON/PN confirmada nas duas datas
EUCA4,acao_pn,acao_pn,incluir,codigo_e_b3,Ação ON/PN confirmada nas duas datas
EVEN3,acao_on,acao_on,incluir,codigo_e_b3,Ação ON/PN confirmada nas duas datas
EZTC3,acao_on,acao_on,incluir,codigo_e_b3,Ação ON/PN confirmada nas duas datas
FASA3,acao_on,acao_on,incluir,codigo_e_b3,Ação ON/PN confirmada nas duas datas
FESA3,acao_on,acao_on,incluir,codigo_e_b3,Ação ON/PN confirmada nas duas datas
FESA4,acao_pn,acao_pn,incluir,codigo_e_b3,Ação ON/PN confirmada nas duas datas
FHER3,acao_on,acao_on,incluir,codigo_e_b3,Ação ON/PN confirmada nas duas datas
FIQE3,acao_on,acao_on,incluir,codigo_e_b3,Ação ON/PN confirmada nas duas datas
FLRY3,acao_on,acao_on,incluir,codigo_e_b3,Ação ON/PN confirmada nas duas datas
FRAS3,acao_on,acao_on,incluir,codigo_e_b3,Ação ON/PN confirmada nas duas datas
G2DI33,bdr,bdr,excluir,codigo_b3,BDR não é ação brasileira ON/PN
GFSA3,acao_on,acao_on,incluir,codigo_e_b3,Ação ON/PN confirmada nas duas datas
GGBR3,acao_on,acao_on,incluir,codigo_e_b3,Ação ON/PN confirmada nas duas datas
GGBR4,acao_pn,acao_pn,incluir,codigo_e_b3,Ação ON/PN confirmada nas duas datas
GGPS3,acao_on,acao_on,incluir,codigo_e_b3,Ação ON/PN confirmada nas duas datas
GMAT3,acao_on,acao_on,incluir,codigo_e_b3,Ação ON/PN confirmada nas duas datas
GOAU3,acao_on,acao_on,incluir,codigo_e_b3,Ação ON/PN confirmada nas duas datas
GOAU4,acao_pn,acao_pn,incluir,codigo_e_b3,Ação ON/PN confirmada nas duas datas
GRND3,acao_on,acao_on,incluir,codigo_e_b3,Ação ON/PN confirmada nas duas datas
HAGA4,acao_pn,acao_pn,incluir,codigo_e_b3,Ação ON/PN confirmada nas duas datas
HAPV3,acao_on,acao_on,incluir,codigo_e_b3,Ação ON/PN confirmada nas duas datas
HBOR3,acao_on,acao_on,incluir,codigo_e_b3,Ação ON/PN confirmada nas duas datas
HBRE3,acao_on,acao_on,incluir,codigo_e_b3,Ação ON/PN confirmada nas duas datas
HBSA3,acao_on,acao_on,incluir,codigo_e_b3,Ação ON/PN confirmada nas duas datas
HOOT4,acao_pn,acao_pn,incluir,codigo_e_b3,Ação ON/PN confirmada nas duas datas
HYPE3,acao_on,acao_on,incluir,codigo_e_b3,Ação ON/PN confirmada nas duas datas
IFCM3,acao_on,acao_on,incluir,codigo_e_b3,Ação ON/PN confirmada nas duas datas
IGTI11,outro,unit,excluir,codigo_b3,Fora do universo de ações ON/PN; espécie detalhada não é necessária
IGTI3,acao_on,acao_on,incluir,codigo_e_b3,Ação ON/PN confirmada nas duas datas
IGTI4,acao_pn,acao_pn,incluir,codigo_e_b3,Ação ON/PN confirmada nas duas datas
INEP3,acao_on,acao_on,incluir,codigo_e_b3,Ação ON/PN confirmada nas duas datas
INEP4,acao_pn,acao_pn,incluir,codigo_e_b3,Ação ON/PN confirmada nas duas datas
INTB3,acao_on,acao_on,incluir,codigo_e_b3,Ação ON/PN confirmada nas duas datas
IRBR3,acao_on,acao_on,incluir,codigo_e_b3,Ação ON/PN confirmada nas duas datas
ISAE3,acao_on,acao_on,incluir,codigo_e_b3,Ação ON/PN confirmada nas duas datas
ISAE4,acao_pn,acao_pn,incluir,codigo_e_b3,Ação ON/PN confirmada nas duas datas
ITSA3,acao_on,acao_on,incluir,codigo_e_b3,Ação ON/PN confirmada nas duas datas
ITSA4,acao_pn,acao_pn,incluir,codigo_e_b3,Ação ON/PN confirmada nas duas datas
ITUB3,acao_on,acao_on,incluir,codigo_e_b3,Ação ON/PN confirmada nas duas datas
ITUB4,acao_pn,acao_pn,incluir,codigo_e_b3,Ação ON/PN confirmada nas duas datas
JALL3,acao_on,acao_on,incluir,codigo_e_b3,Ação ON/PN confirmada nas duas datas
JBSS32,bdr,bdr,excluir,codigo_b3,BDR não é ação brasileira ON/PN
JFEN3,acao_on,acao_on,incluir,codigo_e_b3,Ação ON/PN confirmada nas duas datas
JHSF3,acao_on,acao_on,incluir,codigo_e_b3,Ação ON/PN confirmada nas duas datas
JSLG3,acao_on,acao_on,incluir,codigo_e_b3,Ação ON/PN confirmada nas duas datas
KEPL3,acao_on,acao_on,incluir,codigo_e_b3,Ação ON/PN confirmada nas duas datas
KLBN11,outro,unit,excluir,codigo_b3,Fora do universo de ações ON/PN; espécie detalhada não é necessária
KLBN3,acao_on,acao_on,incluir,codigo_e_b3,Ação ON/PN confirmada nas duas datas
KLBN4,acao_pn,acao_pn,incluir,codigo_e_b3,Ação ON/PN confirmada nas duas datas
LAND3,acao_on,acao_on,incluir,codigo_e_b3,Ação ON/PN confirmada nas duas datas
LAVV3,acao_on,acao_on,incluir,codigo_e_b3,Ação ON/PN confirmada nas duas datas
LEVE3,acao_on,acao_on,incluir,codigo_e_b3,Ação ON/PN confirmada nas duas datas
LIGT3,acao_on,acao_on,incluir,codigo_e_b3,Ação ON/PN confirmada nas duas datas
LJQQ3,acao_on,acao_on,incluir,codigo_e_b3,Ação ON/PN confirmada nas duas datas
LOGG3,acao_on,acao_on,incluir,codigo_e_b3,Ação ON/PN confirmada nas duas datas
LOGN3,acao_on,acao_on,incluir,codigo_e_b3,Ação ON/PN confirmada nas duas datas
LPSB3,acao_on,acao_on,incluir,codigo_e_b3,Ação ON/PN confirmada nas duas datas
LREN3,acao_on,acao_on,incluir,codigo_e_b3,Ação ON/PN confirmada nas duas datas
LUPA3,acao_on,acao_on,incluir,codigo_e_b3,Ação ON/PN confirmada nas duas datas
LUXM4,acao_pn,acao_pn,incluir,codigo_e_b3,Ação ON/PN confirmada nas duas datas
LWSA3,acao_on,acao_on,incluir,codigo_e_b3,Ação ON/PN confirmada nas duas datas
MATD3,acao_on,acao_on,incluir,codigo_e_b3,Ação ON/PN confirmada nas duas datas
MBRF3,acao_on,acao_on,incluir,codigo_e_b3,Ação ON/PN confirmada nas duas datas
MDIA3,acao_on,acao_on,incluir,codigo_e_b3,Ação ON/PN confirmada nas duas datas
MDNE3,acao_on,acao_on,incluir,codigo_e_b3,Ação ON/PN confirmada nas duas datas
MEAL3,acao_on,acao_on,incluir,codigo_e_b3,Ação ON/PN confirmada nas duas datas
MELK3,acao_on,acao_on,incluir,codigo_e_b3,Ação ON/PN confirmada nas duas datas
MGEL4,acao_pn,acao_pn,incluir,codigo_e_b3,Ação ON/PN confirmada nas duas datas
MGLU3,acao_on,acao_on,incluir,codigo_e_b3,Ação ON/PN confirmada nas duas datas
MILS3,acao_on,acao_on,incluir,codigo_e_b3,Ação ON/PN confirmada nas duas datas
MLAS3,acao_on,acao_on,incluir,codigo_e_b3,Ação ON/PN confirmada nas duas datas
MNPR3,acao_on,acao_on,incluir,codigo_e_b3,Ação ON/PN confirmada nas duas datas
MOTV3,acao_on,acao_on,incluir,codigo_e_b3,Ação ON/PN confirmada nas duas datas
MOVI3,acao_on,acao_on,incluir,codigo_e_b3,Ação ON/PN confirmada nas duas datas
MRVE3,acao_on,acao_on,incluir,codigo_e_b3,Ação ON/PN confirmada nas duas datas
MTRE3,acao_on,acao_on,incluir,codigo_e_b3,Ação ON/PN confirmada nas duas datas
MTSA4,acao_pn,acao_pn,incluir,codigo_e_b3,Ação ON/PN confirmada nas duas datas
MULT3,acao_on,acao_on,incluir,codigo_e_b3,Ação ON/PN confirmada nas duas datas
MYPK3,acao_on,acao_on,incluir,codigo_e_b3,Ação ON/PN confirmada nas duas datas
NATU3,acao_on,acao_on,incluir,codigo_e_b3,Ação ON/PN confirmada nas duas datas
NORD3,acao_on,acao_on,incluir,codigo_e_b3,Ação ON/PN confirmada nas duas datas
NUTR3,acao_on,acao_on,incluir,codigo_e_b3,Ação ON/PN confirmada nas duas datas
OBTC3,acao_on,acao_on,incluir,codigo_e_b3,Ação ON/PN confirmada nas duas datas
OFSA3,acao_on,acao_on,incluir,codigo_e_b3,Ação ON/PN confirmada nas duas datas
ONCO3,acao_on,acao_on,incluir,codigo_e_b3,Ação ON/PN confirmada nas duas datas
OPCT3,acao_on,acao_on,incluir,codigo_e_b3,Ação ON/PN confirmada nas duas datas
ORVR3,acao_on,acao_on,incluir,codigo_e_b3,Ação ON/PN confirmada nas duas datas
OSXB3,acao_on,acao_on,incluir,codigo_e_b3,Ação ON/PN confirmada nas duas datas
PASS3,acao_on,acao_on,incluir,codigo_e_b3,Ação ON/PN confirmada nas duas datas
PCAR3,acao_on,acao_on,incluir,codigo_e_b3,Ação ON/PN confirmada nas duas datas
PDGR3,acao_on,acao_on,incluir,codigo_e_b3,Ação ON/PN confirmada nas duas datas
PDTC3,acao_on,acao_on,incluir,codigo_e_b3,Ação ON/PN confirmada nas duas datas
PETR3,acao_on,acao_on,incluir,codigo_e_b3,Ação ON/PN confirmada nas duas datas
PETR4,acao_pn,acao_pn,incluir,codigo_e_b3,Ação ON/PN confirmada nas duas datas
PFRM3,acao_on,acao_on,incluir,codigo_e_b3,Ação ON/PN confirmada nas duas datas
PGMN3,acao_on,acao_on,incluir,codigo_e_b3,Ação ON/PN confirmada nas duas datas
PINE3,acao_on,acao_on,incluir,codigo_e_b3,Ação ON/PN confirmada nas duas datas
PINE4,acao_pn,acao_pn,incluir,codigo_e_b3,Ação ON/PN confirmada nas duas datas
PLAS3,acao_on,acao_on,incluir,codigo_e_b3,Ação ON/PN confirmada nas duas datas
PLPL3,acao_on,acao_on,incluir,codigo_e_b3,Ação ON/PN confirmada nas duas datas
PMAM3,acao_on,acao_on,incluir,codigo_e_b3,Ação ON/PN confirmada nas duas datas
PNVL3,acao_on,acao_on,incluir,codigo_e_b3,Ação ON/PN confirmada nas duas datas
POMO3,acao_on,acao_on,incluir,codigo_e_b3,Ação ON/PN confirmada nas duas datas
POMO4,acao_pn,acao_pn,incluir,codigo_e_b3,Ação ON/PN confirmada nas duas datas
POSI3,acao_on,acao_on,incluir,codigo_e_b3,Ação ON/PN confirmada nas duas datas
PRIO3,acao_on,acao_on,incluir,codigo_e_b3,Ação ON/PN confirmada nas duas datas
PRNR3,acao_on,acao_on,incluir,codigo_e_b3,Ação ON/PN confirmada nas duas datas
PSSA3,acao_on,acao_on,incluir,codigo_e_b3,Ação ON/PN confirmada nas duas datas
PTBL3,acao_on,acao_on,incluir,codigo_e_b3,Ação ON/PN confirmada nas duas datas
QUAL3,acao_on,acao_on,incluir,codigo_e_b3,Ação ON/PN confirmada nas duas datas
RADL3,acao_on,acao_on,incluir,codigo_e_b3,Ação ON/PN confirmada nas duas datas
RAIL3,acao_on,acao_on,incluir,codigo_e_b3,Ação ON/PN confirmada nas duas datas
RAIZ4,acao_pn,acao_pn,incluir,codigo_e_b3,Ação ON/PN confirmada nas duas datas
RANI3,acao_on,acao_on,incluir,codigo_e_b3,Ação ON/PN confirmada nas duas datas
RAPT3,acao_on,acao_on,incluir,codigo_e_b3,Ação ON/PN confirmada nas duas datas
RAPT4,acao_pn,acao_pn,incluir,codigo_e_b3,Ação ON/PN confirmada nas duas datas
RCSL3,acao_on,acao_on,incluir,codigo_e_b3,Ação ON/PN confirmada nas duas datas
RCSL4,acao_pn,acao_pn,incluir,codigo_e_b3,Ação ON/PN confirmada nas duas datas
RDOR3,acao_on,acao_on,incluir,codigo_e_b3,Ação ON/PN confirmada nas duas datas
RECV3,acao_on,acao_on,incluir,codigo_e_b3,Ação ON/PN confirmada nas duas datas
REDE3,acao_on,acao_on,incluir,codigo_e_b3,Ação ON/PN confirmada nas duas datas
RENT3,acao_on,acao_on,incluir,codigo_e_b3,Ação ON/PN confirmada nas duas datas
RENT4,acao_pn,acao_pn,incluir,codigo_e_b3,Ação ON/PN confirmada nas duas datas
RIAA3,acao_on,acao_on,incluir,codigo_e_b3,Ação ON/PN confirmada nas duas datas
RNEW3,acao_on,acao_on,incluir,codigo_e_b3,Ação ON/PN confirmada nas duas datas
RNEW4,acao_pn,acao_pn,incluir,codigo_e_b3,Ação ON/PN confirmada nas duas datas
ROMI3,acao_on,acao_on,incluir,codigo_e_b3,Ação ON/PN confirmada nas duas datas
RSUL4,acao_pn,acao_pn,incluir,codigo_e_b3,Ação ON/PN confirmada nas duas datas
SANB11,outro,unit,excluir,codigo_b3,Fora do universo de ações ON/PN; espécie detalhada não é necessária
SANB3,acao_on,acao_on,incluir,codigo_e_b3,Ação ON/PN confirmada nas duas datas
SANB4,acao_pn,acao_pn,incluir,codigo_e_b3,Ação ON/PN confirmada nas duas datas
SAPR11,outro,unit,excluir,codigo_b3,Fora do universo de ações ON/PN; espécie detalhada não é necessária
SAPR3,acao_on,acao_on,incluir,codigo_e_b3,Ação ON/PN confirmada nas duas datas
SAPR4,acao_pn,acao_pn,incluir,codigo_e_b3,Ação ON/PN confirmada nas duas datas
SAUD3,acao_on,acao_on,incluir,codigo_e_b3,Ação ON/PN confirmada nas duas datas
SBFG3,acao_on,acao_on,incluir,codigo_e_b3,Ação ON/PN confirmada nas duas datas
SBSP3,acao_on,acao_on,incluir,codigo_e_b3,Ação ON/PN confirmada nas duas datas
SCAR3,acao_on,acao_on,incluir,codigo_e_b3,Ação ON/PN confirmada nas duas datas
SEER3,acao_on,acao_on,incluir,codigo_e_b3,Ação ON/PN confirmada nas duas datas
SEQL3,acao_on,acao_on,incluir,codigo_e_b3,Ação ON/PN confirmada nas duas datas
SHUL4,acao_pn,acao_pn,incluir,codigo_e_b3,Ação ON/PN confirmada nas duas datas
SIMH3,acao_on,acao_on,incluir,codigo_e_b3,Ação ON/PN confirmada nas duas datas
SLCE3,acao_on,acao_on,incluir,codigo_e_b3,Ação ON/PN confirmada nas duas datas
SMFT3,acao_on,acao_on,incluir,codigo_e_b3,Ação ON/PN confirmada nas duas datas
SMTO3,acao_on,acao_on,incluir,codigo_e_b3,Ação ON/PN confirmada nas duas datas
SNSY5,acao_pn,acao_pn,incluir,codigo_e_b3,Ação ON/PN confirmada nas duas datas
SOJA3,acao_on,acao_on,incluir,codigo_e_b3,Ação ON/PN confirmada nas duas datas
SUZB3,acao_on,acao_on,incluir,codigo_e_b3,Ação ON/PN confirmada nas duas datas
SYNE3,acao_on,acao_on,incluir,codigo_e_b3,Ação ON/PN confirmada nas duas datas
TAEE11,outro,unit,excluir,codigo_b3,Fora do universo de ações ON/PN; espécie detalhada não é necessária
TAEE3,acao_on,acao_on,incluir,codigo_e_b3,Ação ON/PN confirmada nas duas datas
TAEE4,acao_pn,acao_pn,incluir,codigo_e_b3,Ação ON/PN confirmada nas duas datas
TASA3,acao_on,acao_on,incluir,codigo_e_b3,Ação ON/PN confirmada nas duas datas
TASA4,acao_pn,acao_pn,incluir,codigo_e_b3,Ação ON/PN confirmada nas duas datas
TCSA3,acao_on,acao_on,incluir,codigo_e_b3,Ação ON/PN confirmada nas duas datas
TECN3,acao_on,acao_on,incluir,codigo_e_b3,Ação ON/PN confirmada nas duas datas
TEND3,acao_on,acao_on,incluir,codigo_e_b3,Ação ON/PN confirmada nas duas datas
TFCO4,acao_pn,acao_pn,incluir,codigo_e_b3,Ação ON/PN confirmada nas duas datas
TGMA3,acao_on,acao_on,incluir,codigo_e_b3,Ação ON/PN confirmada nas duas datas
TIMS3,acao_on,acao_on,incluir,codigo_e_b3,Ação ON/PN confirmada nas duas datas
TOKY3,acao_on,acao_on,incluir,codigo_e_b3,Ação ON/PN confirmada nas duas datas
TOTS3,acao_on,acao_on,incluir,codigo_e_b3,Ação ON/PN confirmada nas duas datas
TPIS3,acao_on,acao_on,incluir,codigo_e_b3,Ação ON/PN confirmada nas duas datas
TRIS3,acao_on,acao_on,incluir,codigo_e_b3,Ação ON/PN confirmada nas duas datas
TTEN3,acao_on,acao_on,incluir,codigo_e_b3,Ação ON/PN confirmada nas duas datas
TUPY3,acao_on,acao_on,incluir,codigo_e_b3,Ação ON/PN confirmada nas duas datas
TXRX4,acao_pn,acao_pn,incluir,codigo_e_b3,Ação ON/PN confirmada nas duas datas
UCAS3,acao_on,acao_on,incluir,codigo_e_b3,Ação ON/PN confirmada nas duas datas
UGPA3,acao_on,acao_on,incluir,codigo_e_b3,Ação ON/PN confirmada nas duas datas
UNIP3,acao_on,acao_on,incluir,codigo_e_b3,Ação ON/PN confirmada nas duas datas
UNIP5,acao_pn,acao_pn,incluir,codigo_e_b3,Ação ON/PN confirmada nas duas datas
UNIP6,acao_pn,acao_pn,incluir,codigo_e_b3,Ação ON/PN confirmada nas duas datas
USIM3,acao_on,acao_on,incluir,codigo_e_b3,Ação ON/PN confirmada nas duas datas
USIM5,acao_pn,acao_pn,incluir,codigo_e_b3,Ação ON/PN confirmada nas duas datas
VALE3,acao_on,acao_on,incluir,codigo_e_b3,Ação ON/PN confirmada nas duas datas
VAMO3,acao_on,acao_on,incluir,codigo_e_b3,Ação ON/PN confirmada nas duas datas
VBBR3,acao_on,acao_on,incluir,codigo_e_b3,Ação ON/PN confirmada nas duas datas
VITT3,acao_on,acao_on,incluir,codigo_e_b3,Ação ON/PN confirmada nas duas datas
VIVA3,acao_on,acao_on,incluir,codigo_e_b3,Ação ON/PN confirmada nas duas datas
VIVR3,acao_on,acao_on,incluir,codigo_e_b3,Ação ON/PN confirmada nas duas datas
VIVT3,acao_on,acao_on,incluir,codigo_e_b3,Ação ON/PN confirmada nas duas datas
VLID3,acao_on,acao_on,incluir,codigo_e_b3,Ação ON/PN confirmada nas duas datas
VSTE3,acao_on,acao_on,incluir,codigo_e_b3,Ação ON/PN confirmada nas duas datas
VTRU3,acao_on,acao_on,incluir,codigo_e_b3,Ação ON/PN confirmada nas duas datas
VULC3,acao_on,acao_on,incluir,codigo_e_b3,Ação ON/PN confirmada nas duas datas
VVEO3,acao_on,acao_on,incluir,codigo_e_b3,Ação ON/PN confirmada nas duas datas
WDCN3,acao_on,acao_on,incluir,codigo_e_b3,Ação ON/PN confirmada nas duas datas
WEGE3,acao_on,acao_on,incluir,codigo_e_b3,Ação ON/PN confirmada nas duas datas
WEST3,acao_on,acao_on,incluir,codigo_e_b3,Ação ON/PN confirmada nas duas datas
WHRL3,acao_on,acao_on,incluir,codigo_e_b3,Ação ON/PN confirmada nas duas datas
WHRL4,acao_pn,acao_pn,incluir,codigo_e_b3,Ação ON/PN confirmada nas duas datas
WIZC3,acao_on,acao_on,incluir,codigo_e_b3,Ação ON/PN confirmada nas duas datas
WLMM4,acao_pn,acao_pn,incluir,codigo_e_b3,Ação ON/PN confirmada nas duas datas
YDUQ3,acao_on,acao_on,incluir,codigo_e_b3,Ação ON/PN confirmada nas duas datas
