ticker,instrument_type,start_date,end_date,start_close,end_close,return_fraction,return_pct
ECOM3,acao_on,2026-09-11,2026-09-18,1.06,1.56,0.471698113207547169811320755,47.16981132075471698113207550
FASA3,acao_on,2026-09-11,2026-09-18,0.21,0.29,0.380952380952380952380952381,38.09523809523809523809523810
TASA3,acao_on,2026-09-11,2026-09-18,6.06,8.13,0.341584158415841584158415842,34.15841584158415841584158420
TASA4,acao_pn,2026-09-11,2026-09-18,6.03,8.06,0.336650082918739635157545605,33.66500829187396351575456050
AMBP3,acao_on,2026-09-11,2026-09-18,0.14,0.18,0.285714285714285714285714286,28.57142857142857142857142860
TXRX4,acao_pn,2026-09-11,2026-09-18,1.75,2.14,0.222857142857142857142857143,22.28571428571428571428571430
ESTR4,acao_pn,2026-09-11,2026-09-18,1.54,1.85,0.201298701298701298701298701,20.12987012987012987012987010
BIED3,acao_on,2026-09-11,2026-09-18,5.55,6.37,0.147747747747747747747747748,14.77477477477477477477477480
MGEL4,acao_pn,2026-09-11,2026-09-18,5.24,5.95,0.135496183206106870229007634,13.54961832061068702290076340
ONCO3,acao_on,2026-09-11,2026-09-18,1.14,1.29,0.131578947368421052631578947,13.15789473684210526315789470
WDCN3,acao_on,2026-09-11,2026-09-18,2.75,3.11,0.130909090909090909090909091,13.09090909090909090909090910
LUXM4,acao_pn,2026-09-11,2026-09-18,2.72,2.99,0.099264705882352941176470588,9.926470588235294117647058800
ISAE3,acao_on,2026-09-11,2026-09-18,32.31,35.37,0.094707520891364902506963788,9.470752089136490250696378800
CASH3,acao_on,2026-09-11,2026-09-18,5.25,5.73,0.091428571428571428571428571,9.142857142857142857142857100
RCSL3,acao_on,2026-09-11,2026-09-18,0.44,0.48,0.090909090909090909090909091,9.090909090909090909090909100
QUAL3,acao_on,2026-09-11,2026-09-18,1.52,1.65,0.085526315789473684210526316,8.552631578947368421052631600
DOTZ3,acao_on,2026-09-11,2026-09-18,10.15,11,0.083743842364532019704433498,8.374384236453201970443349800
MEAL3,acao_on,2026-09-11,2026-09-18,0.9,0.97,0.077777777777777777777777778,7.777777777777777777777777800
ARML3,acao_on,2026-09-11,2026-09-18,3.79,4.07,0.073878627968337730870712401,7.387862796833773087071240100
DASA3,acao_on,2026-09-11,2026-09-18,2.65,2.84,0.071698113207547169811320755,7.169811320754716981132075500
